row_num,reference,unit_raw,quantity,teu,container_codes,resolution,method
23,CN2401024-S,20'GP/40'GP,2.0,3,"20GP,40GP","[('20GP', 1), ('40GP', 1)]",exact
24,CN2401025-S,40'GP/40'HQ,2.0,4,"40GP,40HQ","[('40GP', 1), ('40HQ', 1)]",equal
41,CN2401040-S1,20'GP/40'GP/40'HQ,,,"20GP,40GP,40HQ","[('20GP', 1), ('40GP', 1), ('40HQ', 1)]",fallback
42,CN2401040-S2,20'GP/40'GP/40'HQ,,,"20GP,40GP,40HQ","[('20GP', 1), ('40GP', 1), ('40HQ', 1)]",fallback
43,CN2401040-S3,20'GP/40'GP/40'HQ,,,"20GP,40GP,40HQ","[('20GP', 1), ('40GP', 1), ('40HQ', 1)]",fallback
44,CN2401040-S4,20'GP/40'GP/40'HQ,,,"20GP,40GP,40HQ","[('20GP', 1), ('40GP', 1), ('40HQ', 1)]",fallback
60,CN2401056-RS,20'GP/40'GP,,,"20GP,40GP","[('20GP', 1), ('40GP', 1)]",fallback
61,CN2401056-RS1,20'GP/40'GP,,,"20GP,40GP","[('20GP', 1), ('40GP', 1)]",fallback
62,CN2401057-S,20'GP/40'GP,,,"20GP,40GP","[('20GP', 1), ('40GP', 1)]",fallback
64,CN2401059-S,20'GP/40'GP/40'HQ,,,"20GP,40GP,40HQ","[('20GP', 1), ('40GP', 1), ('40HQ', 1)]",fallback
69,CN2401063-S,20'GP/40'HQ,4.0,5,"20GP,40HQ","[('20GP', 3), ('40HQ', 1)]",exact
84,CN2401078-S,40'GP/40'HQ,2.0,4,"40GP,40HQ","[('40GP', 1), ('40HQ', 1)]",equal
103,CN2401097-S,20'GP/40'GP,,,"20GP,40GP","[('20GP', 1), ('40GP', 1)]",fallback
153,CN2401145-S,20'GP/40'HQ,11.0,21,"20GP,40HQ","[('20GP', 1), ('40HQ', 10)]",exact
222,CN2401210-S4,40'GP/40'HQ,4.0,8,"40GP,40HQ","[('40GP', 2), ('40HQ', 2)]",equal
303,CN2401285-S,20'GP/40'GP/40'HQ,3.0,5,"20GP,40GP,40HQ","[('20GP', 1), ('40GP', 0), ('40HQ', 2)]",exact
324,CN2401306-S,20'GP/40'GP/40'HQ,,,"20GP,40GP,40HQ","[('20GP', 1), ('40GP', 1), ('40HQ', 1)]",fallback
325,CN2401307-S,20'GP/40'GP/40'HQ,,,"20GP,40GP,40HQ","[('20GP', 1), ('40GP', 1), ('40HQ', 1)]",fallback
338,CN2401320-S,20'GP/40'HQ,2.0,3,"20GP,40HQ","[('20GP', 1), ('40HQ', 1)]",exact
354,CN2401336-S,20'GP/40'HQ,2.0,5,"20GP,40HQ","[('20GP', 1), ('40HQ', 1)]",equal
449,CN2401420-S,20'GP/40'HQ,,,"20GP,40HQ","[('20GP', 1), ('40HQ', 1)]",fallback
469,CN2401438-S,20'GP/40'GP/40'HQ,,,"20GP,40GP,40HQ","[('20GP', 1), ('40GP', 1), ('40HQ', 1)]",fallback
534,CN2401502-S1,20'GP/40'GP,,,"20GP,40GP","[('20GP', 1), ('40GP', 1)]",fallback
535,CN2401502-S2,20'GP/40'GP,,,"20GP,40GP","[('20GP', 1), ('40GP', 1)]",fallback
592,CN2401559-S1,20'GP/40'GP/40'HQ,,,"20GP,40GP,40HQ","[('20GP', 1), ('40GP', 1), ('40HQ', 1)]",fallback
593,CN2401559-S2,20'GP/40'GP/40'HQ,,,"20GP,40GP,40HQ","[('20GP', 1), ('40GP', 1), ('40HQ', 1)]",fallback
594,CN2401559-S3,20'GP/40'GP/40'HQ,,,"20GP,40GP,40HQ","[('20GP', 1), ('40GP', 1), ('40HQ', 1)]",fallback
595,CN2401559-S4,20'GP/40'GP/40'HQ,,,"20GP,40GP,40HQ","[('20GP', 1), ('40GP', 1), ('40HQ', 1)]",fallback
596,CN2401559-S5,20'GP/40'GP/40'HQ,,,"20GP,40GP,40HQ","[('20GP', 1), ('40GP', 1), ('40HQ', 1)]",fallback
613,CN2401576-S,20'GP/40'GP,,,"20GP,40GP","[('20GP', 1), ('40GP', 1)]",fallback
663,CN2401625-S,20'GP/40'GP/40'HQ,,,"20GP,40GP,40HQ","[('20GP', 1), ('40GP', 1), ('40HQ', 1)]",fallback
679,CN2401640-S1,20'GP/40'GP/40'HQ,,,"20GP,40GP,40HQ","[('20GP', 1), ('40GP', 1), ('40HQ', 1)]",fallback
680,CN2401640-S2,20'GP/40'GP/40'HQ,,,"20GP,40GP,40HQ","[('20GP', 1), ('40GP', 1), ('40HQ', 1)]",fallback
681,CN2401640-S3,20'GP/40'GP/40'HQ,,,"20GP,40GP,40HQ","[('20GP', 1), ('40GP', 1), ('40HQ', 1)]",fallback
685,CN2401644-S,20'GP/40'GP,2.0,3,"20GP,40GP","[('20GP', 1), ('40GP', 1)]",exact
707,CN2402010-S1,20'GP/40'GP/40'HQ,,,"20GP,40GP,40HQ","[('20GP', 1), ('40GP', 1), ('40HQ', 1)]",fallback
708,CN2402010-S2,20'GP/40'GP/40'HQ,,,"20GP,40GP,40HQ","[('20GP', 1), ('40GP', 1), ('40HQ', 1)]",fallback
709,CN2402010-S3,20'GP/40'GP/40'HQ,,,"20GP,40GP,40HQ","[('20GP', 1), ('40GP', 1), ('40HQ', 1)]",fallback
710,CN2402010-S4,20'GP/40'GP/40'HQ,,,"20GP,40GP,40HQ","[('20GP', 1), ('40GP', 1), ('40HQ', 1)]",fallback
711,CN2402010-S5,20'GP/40'GP/40'HQ,,,"20GP,40GP,40HQ","[('20GP', 1), ('40GP', 1), ('40HQ', 1)]",fallback
712,CN2402010-S6,20'GP/40'GP/40'HQ,,,"20GP,40GP,40HQ","[('20GP', 1), ('40GP', 1), ('40HQ', 1)]",fallback
713,CN2402011-S1,20'GP/40'GP/40'HQ,,,"20GP,40GP,40HQ","[('20GP', 1), ('40GP', 1), ('40HQ', 1)]",fallback
714,CN2402011-S2,20'GP/40'GP/40'HQ,,,"20GP,40GP,40HQ","[('20GP', 1), ('40GP', 1), ('40HQ', 1)]",fallback
715,CN2402011-S3,20'GP/40'GP/40'HQ,,,"20GP,40GP,40HQ","[('20GP', 1), ('40GP', 1), ('40HQ', 1)]",fallback
716,CN2402011-S4,20'GP/40'GP/40'HQ,,,"20GP,40GP,40HQ","[('20GP', 1), ('40GP', 1), ('40HQ', 1)]",fallback
717,CN2402011-S5,20'GP/40'GP/40'HQ,,,"20GP,40GP,40HQ","[('20GP', 1), ('40GP', 1), ('40HQ', 1)]",fallback
723,CN2402017-S,20'GP/40'HQ,2.0,3,"20GP,40HQ","[('20GP', 1), ('40HQ', 1)]",exact
743,CN2402037-S,20'GP/40'GP,2.0,,"20GP,40GP","[('20GP', 1), ('40GP', 1)]",fallback
816,CN2402110-S1,20'GP/40'GP/40'HQ,,,"20GP,40GP,40HQ","[('20GP', 1), ('40GP', 1), ('40HQ', 1)]",fallback
817,CN2402110-S2,20'GP/40'GP/40'HQ,,,"20GP,40GP,40HQ","[('20GP', 1), ('40GP', 1), ('40HQ', 1)]",fallback
818,CN2402110-S3,20'GP/40'GP/40'HQ,,,"20GP,40GP,40HQ","[('20GP', 1), ('40GP', 1), ('40HQ', 1)]",fallback
819,CN2402110-S4,20'GP/40'GP/40'HQ,,,"20GP,40GP,40HQ","[('20GP', 1), ('40GP', 1), ('40HQ', 1)]",fallback
820,CN2402110-S5,20'GP/40'GP/40'HQ,,,"20GP,40GP,40HQ","[('20GP', 1), ('40GP', 1), ('40HQ', 1)]",fallback
821,CN2402110-S6,20'GP/40'GP/40'HQ,,,"20GP,40GP,40HQ","[('20GP', 1), ('40GP', 1), ('40HQ', 1)]",fallback
822,CN2402110-S7,20'GP/40'GP/40'HQ,,,"20GP,40GP,40HQ","[('20GP', 1), ('40GP', 1), ('40HQ', 1)]",fallback
853,CN2402140-S,20'GP/40'HQ,,,"20GP,40HQ","[('20GP', 1), ('40HQ', 1)]",fallback
875,CN2402160-S1,20'GP/40'GP/40'HQ,,,"20GP,40GP,40HQ","[('20GP', 1), ('40GP', 1), ('40HQ', 1)]",fallback
876,CN2402160-S2,20'GP/40'GP/40'HQ,,,"20GP,40GP,40HQ","[('20GP', 1), ('40GP', 1), ('40HQ', 1)]",fallback
877,CN2402160-S3,20'GP/40'GP/40'HQ,,,"20GP,40GP,40HQ","[('20GP', 1), ('40GP', 1), ('40HQ', 1)]",fallback
893,CN2402175-S1,40'GP/40'HQ,10.0,20,"40GP,40HQ","[('40GP', 5), ('40HQ', 5)]",equal
894,CN2402175-S2,40'GP/40'HQ,10.0,20,"40GP,40HQ","[('40GP', 5), ('40HQ', 5)]",equal
895,CN2402176-S1,40'GP/40'HQ,,,"40GP,40HQ","[('40GP', 1), ('40HQ', 1)]",fallback
896,CN2402176-S2,20'GP/40'GP/40'HQ,,,"20GP,40GP,40HQ","[('20GP', 1), ('40GP', 1), ('40HQ', 1)]",fallback
917,CN2402196-S,20'GP/40'HQ,2.0,3,"20GP,40HQ","[('20GP', 1), ('40HQ', 1)]",exact
920,CN2402199-S,20'GP/40'GP/40'HQ,,,"20GP,40GP,40HQ","[('20GP', 1), ('40GP', 1), ('40HQ', 1)]",fallback
942,CN2402219-S,20'GP/40'GP/40'HQ,,,"20GP,40GP,40HQ","[('20GP', 1), ('40GP', 1), ('40HQ', 1)]",fallback
979,CN2402255-S1,20'GP/40'GP/40'HQ,,,"20GP,40GP,40HQ","[('20GP', 1), ('40GP', 1), ('40HQ', 1)]",fallback
980,CN2402255-S2,20'GP/40'GP/40'HQ,,,"20GP,40GP,40HQ","[('20GP', 1), ('40GP', 1), ('40HQ', 1)]",fallback
982,CN2402257-S,20'GP/40'GP,2.0,3,"20GP,40GP","[('20GP', 1), ('40GP', 1)]",exact
983,CN2402258-S,20'GP/40'HQ,4.0,7,"20GP,40HQ","[('20GP', 1), ('40HQ', 3)]",exact
988,CN2402263-S1,20'GP/40'GP,,,"20GP,40GP","[('20GP', 1), ('40GP', 1)]",fallback
1040,CN2402307-S1,20'GP/40'HQ,,,"20GP,40HQ","[('20GP', 1), ('40HQ', 1)]",fallback
1041,CN2402307-S2,20'GP/40'HQ,,,"20GP,40HQ","[('20GP', 1), ('40HQ', 1)]",fallback
1042,CN2402307-S3,20'GP/40'HQ,,,"20GP,40HQ","[('20GP', 1), ('40HQ', 1)]",fallback
1043,CN2402307-S4,20'GP/40'HQ,,,"20GP,40HQ","[('20GP', 1), ('40HQ', 1)]",fallback
1044,CN2402307-S5,20'GP/40'HQ,,,"20GP,40HQ","[('20GP', 1), ('40HQ', 1)]",fallback
1045,CN2402307-S6,20'GP/40'HQ,,,"20GP,40HQ","[('20GP', 1), ('40HQ', 1)]",fallback
1046,CN2402307-S7,20'GP/40'HQ,,,"20GP,40HQ","[('20GP', 1), ('40HQ', 1)]",fallback
1065,CN2402325-S,20'GP/40'GP/40'HQ,,,"20GP,40GP,40HQ","[('20GP', 1), ('40GP', 1), ('40HQ', 1)]",fallback
1069,CN2402329-S1,20'GP/40'GP,,,"20GP,40GP","[('20GP', 1), ('40GP', 1)]",fallback
1070,CN2402329-S2,20'GP/40'GP,,,"20GP,40GP","[('20GP', 1), ('40GP', 1)]",fallback
1071,CN2402329-S3,20'GP/40'GP,,,"20GP,40GP","[('20GP', 1), ('40GP', 1)]",fallback
1072,CN2402329-S4,20'GP/40'GP,,,"20GP,40GP","[('20GP', 1), ('40GP', 1)]",fallback
1091,CN2402345-S,20'GP/40'HQ,2.0,3,"20GP,40HQ","[('20GP', 1), ('40HQ', 1)]",exact
1107,CN2402361-S1,20'GP/40'HQ,,,"20GP,40HQ","[('20GP', 1), ('40HQ', 1)]",fallback
1108,CN2402361-S2,20'GP/40'HQ,,,"20GP,40HQ","[('20GP', 1), ('40HQ', 1)]",fallback
1120,CN2402373-RS1,40'GP/40'HQ,4.0,8,"40GP,40HQ","[('40GP', 2), ('40HQ', 2)]",equal
1121,CN2402373-RS2,40'GP/40'HQ,4.0,8,"40GP,40HQ","[('40GP', 2), ('40HQ', 2)]",equal
1158,CN2403013-R,20'GP/40'HQ,2.0,,"20GP,40HQ","[('20GP', 1), ('40HQ', 1)]",fallback
1181,CN2403035-S,40'GP/40'HQ,,,"40GP,40HQ","[('40GP', 1), ('40HQ', 1)]",fallback
1199,CN2403053-S1,20'GP/40'GP/40'HQ,,,"20GP,40GP,40HQ","[('20GP', 1), ('40GP', 1), ('40HQ', 1)]",fallback
1200,CN2403053-S2,20'GP/40'GP/40'HQ,,,"20GP,40GP,40HQ","[('20GP', 1), ('40GP', 1), ('40HQ', 1)]",fallback
1201,CN2403053-S3,20'GP/40'GP/40'HQ,,,"20GP,40GP,40HQ","[('20GP', 1), ('40GP', 1), ('40HQ', 1)]",fallback
1202,CN2403053-S4,20'GP/40'GP/40'HQ,,,"20GP,40GP,40HQ","[('20GP', 1), ('40GP', 1), ('40HQ', 1)]",fallback
1203,CN2403053-S5,20'GP/40'GP/40'HQ,,,"20GP,40GP,40HQ","[('20GP', 1), ('40GP', 1), ('40HQ', 1)]",fallback
1204,CN2403053-S6,20'GP/40'GP/40'HQ,,,"20GP,40GP,40HQ","[('20GP', 1), ('40GP', 1), ('40HQ', 1)]",fallback
1226,CN2403075-S,20'GP/40'HQ,3.0,5,"20GP,40HQ","[('20GP', 1), ('40HQ', 2)]",exact
1227,CN2403076-S,20'GP/40'GP,2.0,3,"20GP,40GP","[('20GP', 1), ('40GP', 1)]",exact
1249,CN2403098-S,20'GP/40'GP/40'HQ,,,"20GP,40GP,40HQ","[('20GP', 1), ('40GP', 1), ('40HQ', 1)]",fallback
1256,CN2403105-S1,20'GP/40'GP/40'HQ,,,"20GP,40GP,40HQ","[('20GP', 1), ('40GP', 1), ('40HQ', 1)]",fallback
1257,CN2403105-S2,20'GP/40'GP/40'HQ,,,"20GP,40GP,40HQ","[('20GP', 1), ('40GP', 1), ('40HQ', 1)]",fallback
1268,CN2403114-S,20'GP/40'GP,,,"20GP,40GP","[('20GP', 1), ('40GP', 1)]",fallback
1311,CN2403151-S1,20'GP/40'GP/40'HQ,,,"20GP,40GP,40HQ","[('20GP', 1), ('40GP', 1), ('40HQ', 1)]",fallback
1312,CN2403151-S2,20'GP/40'GP/40'HQ,,,"20GP,40GP,40HQ","[('20GP', 1), ('40GP', 1), ('40HQ', 1)]",fallback
1313,CN2403151-S3,20'GP/40'GP/40'HQ,,,"20GP,40GP,40HQ","[('20GP', 1), ('40GP', 1), ('40HQ', 1)]",fallback
1389,CN2403218-S1,20'GP/40'GP,2.0,3,"20GP,40GP","[('20GP', 1), ('40GP', 1)]",exact
1441,CN2403267-S,20'GP/40'GP/40'HQ,,,"20GP,40GP,40HQ","[('20GP', 1), ('40GP', 1), ('40HQ', 1)]",fallback
1473,CN2403297-S1,20'GP/40'GP,2.0,3,"20GP,40GP","[('20GP', 1), ('40GP', 1)]",exact
1476,CN2403298-S1,20'GP/40'GP/40'HQ,,,"20GP,40GP,40HQ","[('20GP', 1), ('40GP', 1), ('40HQ', 1)]",fallback
1477,CN2403298-S2,20'GP/40'GP/40'HQ,,,"20GP,40GP,40HQ","[('20GP', 1), ('40GP', 1), ('40HQ', 1)]",fallback
1484,CN2403304-S1,20'GP/40'GP/40'HQ,,,"20GP,40GP,40HQ","[('20GP', 1), ('40GP', 1), ('40HQ', 1)]",fallback
1485,CN2403304-S2,20'GP/40'GP/40'HQ,,,"20GP,40GP,40HQ","[('20GP', 1), ('40GP', 1), ('40HQ', 1)]",fallback
1487,CN2403306-S1,20'GP/40'GP,2.0,3,"20GP,40GP","[('20GP', 1), ('40GP', 1)]",exact
1492,CN2403309-S,20'GP/40'GP,,,"20GP,40GP","[('20GP', 1), ('40GP', 1)]",fallback
1559,CN2403372-S,20'GP/40'GP,,,"20GP,40GP","[('20GP', 1), ('40GP', 1)]",fallback
1575,CN2403387-S,20'GP/40'HQ,2.0,3,"20GP,40HQ","[('20GP', 1), ('40HQ', 1)]",exact
1591,CN2403401-S2,20'GP/40'HQ,,,"20GP,40HQ","[('20GP', 1), ('40HQ', 1)]",fallback
1592,CN2403401-S3,20'GP/40'HQ,,,"20GP,40HQ","[('20GP', 1), ('40HQ', 1)]",fallback
1594,CN2403401-S5,20'GP/40'HQ,,,"20GP,40HQ","[('20GP', 1), ('40HQ', 1)]",fallback
1596,CN2403403-S,20'GP/40'HQ/40'HQ,,,"20GP,40HQ","[('20GP', 1), ('40HQ', 1)]",fallback
1601,CN2403408-S1,20'GP/40'GP/40'HQ,,,"20GP,40GP,40HQ","[('20GP', 1), ('40GP', 1), ('40HQ', 1)]",fallback
1602,CN2403408-S2,20'GP/40'GP/40'HQ,,,"20GP,40GP,40HQ","[('20GP', 1), ('40GP', 1), ('40HQ', 1)]",fallback
1633,CN2403433-S,20'GP/40'GP/40'HQ,,,"20GP,40GP,40HQ","[('20GP', 1), ('40GP', 1), ('40HQ', 1)]",fallback
1634,CN2403434-S,20'GP/40'GP/40'HQ,,,"20GP,40GP,40HQ","[('20GP', 1), ('40GP', 1), ('40HQ', 1)]",fallback
1701,CN2403491-S1,20'GP/40'GP,,,"20GP,40GP","[('20GP', 1), ('40GP', 1)]",fallback
1705,CN2403494-S,20'GP/40'GP,2.0,3,"20GP,40GP","[('20GP', 1), ('40GP', 1)]",exact
1708,CN2403497-S1,20'GP/40'GP/40'HQ,,,"20GP,40GP,40HQ","[('20GP', 1), ('40GP', 1), ('40HQ', 1)]",fallback
1709,CN2403497-S2,20'GP/40'GP/40'HQ,,,"20GP,40GP,40HQ","[('20GP', 1), ('40GP', 1), ('40HQ', 1)]",fallback
1724,CN2403512-S,20'GP/40'HQ,2.0,3,"20GP,40HQ","[('20GP', 1), ('40HQ', 1)]",exact
1744,CN2403532-S,20'GP/40'GP/40'HQ,,,"20GP,40GP,40HQ","[('20GP', 1), ('40GP', 1), ('40HQ', 1)]",fallback
1747,CN2403535-S,20'GP/40'GP,,,"20GP,40GP","[('20GP', 1), ('40GP', 1)]",fallback
1767,CN2403555-S,20'GP/40'OT,2.0,3,"20GP,40OT","[('20GP', 1), ('40OT', 1)]",exact
1812,CN2403598-S,20'GP/40'GP/40'HQ,,,"20GP,40GP,40HQ","[('20GP', 1), ('40GP', 1), ('40HQ', 1)]",fallback
1817,CN2403603-S1,20'GP/40'GP/40'HQ,,,"20GP,40GP,40HQ","[('20GP', 1), ('40GP', 1), ('40HQ', 1)]",fallback
1818,CN2403603-S2,20'GP/40'GP/40'HQ,,,"20GP,40GP,40HQ","[('20GP', 1), ('40GP', 1), ('40HQ', 1)]",fallback
1819,CN2403603-S3,20'GP/40'GP/40'HQ,,,"20GP,40GP,40HQ","[('20GP', 1), ('40GP', 1), ('40HQ', 1)]",fallback
1820,CN2403603-S4,20'GP/40'GP/40'HQ,,,"20GP,40GP,40HQ","[('20GP', 1), ('40GP', 1), ('40HQ', 1)]",fallback
1821,CN2403603-S5,20'GP/40'GP/40'HQ,,,"20GP,40GP,40HQ","[('20GP', 1), ('40GP', 1), ('40HQ', 1)]",fallback
1969,CN2404122-S1,20'GP/40'GP/40'HQ,,,"20GP,40GP,40HQ","[('20GP', 1), ('40GP', 1), ('40HQ', 1)]",fallback
1970,CN2404122-S2,20'GP/40'GP/40'HQ,,,"20GP,40GP,40HQ","[('20GP', 1), ('40GP', 1), ('40HQ', 1)]",fallback
1971,CN2404122-S3,20'GP/40'GP/40'HQ,,,"20GP,40GP,40HQ","[('20GP', 1), ('40GP', 1), ('40HQ', 1)]",fallback
1972,CN2404122-S4,20'GP/40'GP/40'HQ,,,"20GP,40GP,40HQ","[('20GP', 1), ('40GP', 1), ('40HQ', 1)]",fallback
1973,CN2404122-S5,20'GP/40'GP/40'HQ,,,"20GP,40GP,40HQ","[('20GP', 1), ('40GP', 1), ('40HQ', 1)]",fallback
1978,CN2404127-S,20'GP/40'HQ,,,"20GP,40HQ","[('20GP', 1), ('40HQ', 1)]",fallback
2046,CN2404192-S1,20'GP/40'GP/40'HQ,,,"20GP,40GP,40HQ","[('20GP', 1), ('40GP', 1), ('40HQ', 1)]",fallback
2047,CN2404192-S2,20'GP/40'GP/40'HQ,,,"20GP,40GP,40HQ","[('20GP', 1), ('40GP', 1), ('40HQ', 1)]",fallback
2048,CN2404192-S3,20'GP/40'GP/40'HQ,,,"20GP,40GP,40HQ","[('20GP', 1), ('40GP', 1), ('40HQ', 1)]",fallback
2049,CN2404192-S4,20'GP/40'GP/40'HQ,,,"20GP,40GP,40HQ","[('20GP', 1), ('40GP', 1), ('40HQ', 1)]",fallback
2052,CN2404195-S1,20'GP/40'GP/40'HQ,,,"20GP,40GP,40HQ","[('20GP', 1), ('40GP', 1), ('40HQ', 1)]",fallback
2053,CN2404195-S2,20'GP/40'GP/40'HQ,,,"20GP,40GP,40HQ","[('20GP', 1), ('40GP', 1), ('40HQ', 1)]",fallback
2099,CN2404241-S1,20'GP/0'GP/40'HQ,,,"20GP,40HQ","[('20GP', 1), ('40HQ', 1)]",fallback
2100,CN2404241-S2,20'GP/0'GP/40'HQ,,,"20GP,40HQ","[('20GP', 1), ('40HQ', 1)]",fallback
2101,CN2404241-S3,20'GP/0'GP/40'HQ,,,"20GP,40HQ","[('20GP', 1), ('40HQ', 1)]",fallback
2102,CN2404242-S,20'GP/40'GP/40'HQ,,,"20GP,40GP,40HQ","[('20GP', 1), ('40GP', 1), ('40HQ', 1)]",fallback
2103,CN2404243-S1,20'GP/40'GP,,,"20GP,40GP","[('20GP', 1), ('40GP', 1)]",fallback
2104,CN2404243-S2,20'GP/40'GP,,,"20GP,40GP","[('20GP', 1), ('40GP', 1)]",fallback
2105,CN2404243-S3,20'GP/40'GP,,,"20GP,40GP","[('20GP', 1), ('40GP', 1)]",fallback
2106,CN2404243-S4,20'GP/40'GP,,,"20GP,40GP","[('20GP', 1), ('40GP', 1)]",fallback
2107,CN2404244-S,20'GP/40'GP/40'HQ,,,"20GP,40GP,40HQ","[('20GP', 1), ('40GP', 1), ('40HQ', 1)]",fallback
2108,CN2404244-S1,20'GP/40'GP/40'HQ,,,"20GP,40GP,40HQ","[('20GP', 1), ('40GP', 1), ('40HQ', 1)]",fallback
2113,CN2404248-S,20'GP/40'NOR,2.0,3,"20GP,40GP","[('20GP', 1), ('40GP', 1)]",exact
2183,CN2404314-S,20'GP/40'GP/40'HQ,,,"20GP,40GP,40HQ","[('20GP', 1), ('40GP', 1), ('40HQ', 1)]",fallback
2191,CN2404320-S3,20'GP/40'HQ,4.0,7,"20GP,40HQ","[('20GP', 1), ('40HQ', 3)]",exact
2256,CN2404378-S,20'GP/40'HQ,2.0,3,"20GP,40HQ","[('20GP', 1), ('40HQ', 1)]",exact
2309,CN2404428-S,40'GP/40'OT,2.0,4,"40GP,40OT","[('40GP', 1), ('40OT', 1)]",equal
2321,CN2404438-S,20'GP/40'GP/40'HQ,,,"20GP,40GP,40HQ","[('20GP', 1), ('40GP', 1), ('40HQ', 1)]",fallback
2324,CN2404441-AS1,20'GP/40'GP,,,"20GP,40GP","[('20GP', 1), ('40GP', 1)]",fallback
2325,CN2404441-AS2,20'GP/40'GP,,,"20GP,40GP","[('20GP', 1), ('40GP', 1)]",fallback
2329,CN2404444-S1,20'GP/40'GP/40'HQ,,,"20GP,40GP,40HQ","[('20GP', 1), ('40GP', 1), ('40HQ', 1)]",fallback
2330,CN2404444-S2,20'GP/40'GP/40'HQ,,,"20GP,40GP,40HQ","[('20GP', 1), ('40GP', 1), ('40HQ', 1)]",fallback
2338,CN2404452-S,20'GP/40'GP/40'HQ,,,"20GP,40GP,40HQ","[('20GP', 1), ('40GP', 1), ('40HQ', 1)]",fallback
2421,CN2404534-S,20'GP/40'HQ,2.0,3,"20GP,40HQ","[('20GP', 1), ('40HQ', 1)]",exact
2439,CN2404551-S,20'GP/40'GP/40'HQ,,,"20GP,40GP,40HQ","[('20GP', 1), ('40GP', 1), ('40HQ', 1)]",fallback
2457,CN2404569-S,20'GP/40'OT,2.0,3,"20GP,40OT","[('20GP', 1), ('40OT', 1)]",exact
2458,CN2404570-S,20'GP/40'GP,2.0,3,"20GP,40GP","[('20GP', 1), ('40GP', 1)]",exact
2459,CN2404571-S,20'GP/40'GP,,,"20GP,40GP","[('20GP', 1), ('40GP', 1)]",fallback
2467,CN2404576-S,20'GP/40'GP,,,"20GP,40GP","[('20GP', 1), ('40GP', 1)]",fallback
2493,CN2404599-S3,20'GP/40'HQ,11.0,21,"20GP,40HQ","[('20GP', 1), ('40HQ', 10)]",exact
2498,CN2404604-S,20'GP/40'HQ,,,"20GP,40HQ","[('20GP', 1), ('40HQ', 1)]",fallback
2526,CN2404632-S,20'GP/40'GP/40'HQ,,,"20GP,40GP,40HQ","[('20GP', 1), ('40GP', 1), ('40HQ', 1)]",fallback
2530,CN2404637-S,20'GP/40'GP/40'HQ,,,"20GP,40GP,40HQ","[('20GP', 1), ('40GP', 1), ('40HQ', 1)]",fallback
2546,CN2404652-S,20'GP/40'HQ,3.0,5,"20GP,40HQ","[('20GP', 1), ('40HQ', 2)]",exact
2556,CN2404661-S1,20'GP/40'GP/40'HQ,,,"20GP,40GP,40HQ","[('20GP', 1), ('40GP', 1), ('40HQ', 1)]",fallback
2557,CN2404661-S2,20'GP/40'GP/40'HQ,,,"20GP,40GP,40HQ","[('20GP', 1), ('40GP', 1), ('40HQ', 1)]",fallback
2558,CN2404661-S3,20'GP/40'GP/40'HQ,,,"20GP,40GP,40HQ","[('20GP', 1), ('40GP', 1), ('40HQ', 1)]",fallback
2559,CN2404661-S4,20'GP/40'GP/40'HQ,,,"20GP,40GP,40HQ","[('20GP', 1), ('40GP', 1), ('40HQ', 1)]",fallback
2560,CN2404661-S5,20'GP/40'GP/40'HQ,,,"20GP,40GP,40HQ","[('20GP', 1), ('40GP', 1), ('40HQ', 1)]",fallback
2577,CN2405009-S,20'GP/40'GP,2.0,3,"20GP,40GP","[('20GP', 1), ('40GP', 1)]",exact
2579,CN2405011-S1,20'GP/40'GP/40'HQ,,,"20GP,40GP,40HQ","[('20GP', 1), ('40GP', 1), ('40HQ', 1)]",fallback
2580,CN2405011-S2,20'GP/40'GP/40'HQ,,,"20GP,40GP,40HQ","[('20GP', 1), ('40GP', 1), ('40HQ', 1)]",fallback
2584,CN2405014-S1,20'GP/40'GP/40'HQ,,,"20GP,40GP,40HQ","[('20GP', 1), ('40GP', 1), ('40HQ', 1)]",fallback
2585,CN2405014-S2,20'GP/40'GP/40'HQ,,,"20GP,40GP,40HQ","[('20GP', 1), ('40GP', 1), ('40HQ', 1)]",fallback
2586,CN2405014-S3,20'GP/40'GP/40'HQ,,,"20GP,40GP,40HQ","[('20GP', 1), ('40GP', 1), ('40HQ', 1)]",fallback
2587,CN2405014-S4,20'GP/40'GP/40'HQ,,,"20GP,40GP,40HQ","[('20GP', 1), ('40GP', 1), ('40HQ', 1)]",fallback
2588,CN2405014-S5,20'GP/40'GP/40'HQ,,,"20GP,40GP,40HQ","[('20GP', 1), ('40GP', 1), ('40HQ', 1)]",fallback
2589,CN2405014-S6,20'GP/40'GP/40'HQ,,,"20GP,40GP,40HQ","[('20GP', 1), ('40GP', 1), ('40HQ', 1)]",fallback
2620,CN2405042-S,20'GP/40'GP/40'HQ,,,"20GP,40GP,40HQ","[('20GP', 1), ('40GP', 1), ('40HQ', 1)]",fallback
2621,CN2405043-S1,20'GP/40'GP/40'HQ,,,"20GP,40GP,40HQ","[('20GP', 1), ('40GP', 1), ('40HQ', 1)]",fallback
2622,CN2405043-S2,20'GP/40'GP/40'HQ,,,"20GP,40GP,40HQ","[('20GP', 1), ('40GP', 1), ('40HQ', 1)]",fallback
2623,CN2405043-S3,20'GP/40'GP/40'HQ,,,"20GP,40GP,40HQ","[('20GP', 1), ('40GP', 1), ('40HQ', 1)]",fallback
2624,CN2405043-S4,20'GP/40'GP/40'HQ,,,"20GP,40GP,40HQ","[('20GP', 1), ('40GP', 1), ('40HQ', 1)]",fallback
2634,CN2405053-S1,20'GP/40'GP/40'HQ,,,"20GP,40GP,40HQ","[('20GP', 1), ('40GP', 1), ('40HQ', 1)]",fallback
2635,CN2405053-S2,20'GP/40'GP/40'HQ,,,"20GP,40GP,40HQ","[('20GP', 1), ('40GP', 1), ('40HQ', 1)]",fallback
2637,CN2405055-S1,20'GP/40'GP/40'HQ,,,"20GP,40GP,40HQ","[('20GP', 1), ('40GP', 1), ('40HQ', 1)]",fallback
2638,CN2405055-S2,20'GP/40'GP/40'HQ,,,"20GP,40GP,40HQ","[('20GP', 1), ('40GP', 1), ('40HQ', 1)]",fallback
2639,CN2405055-S3,20'GP/40'GP/40'HQ,,,"20GP,40GP,40HQ","[('20GP', 1), ('40GP', 1), ('40HQ', 1)]",fallback
2640,CN2405055-S4,20'GP/40'GP/40'HQ,,,"20GP,40GP,40HQ","[('20GP', 1), ('40GP', 1), ('40HQ', 1)]",fallback
2641,CN2405055-S5,20'GP/40'GP/40'HQ,,,"20GP,40GP,40HQ","[('20GP', 1), ('40GP', 1), ('40HQ', 1)]",fallback
2642,CN2405055-S6,20'GP/40'GP/40'HQ,,,"20GP,40GP,40HQ","[('20GP', 1), ('40GP', 1), ('40HQ', 1)]",fallback
2715,CN2405126-S,40'GP/40'HQ,2.0,4,"40GP,40HQ","[('40GP', 1), ('40HQ', 1)]",equal
2725,CN2405136-S,20'GP/40'GP,2.0,3,"20GP,40GP","[('20GP', 1), ('40GP', 1)]",exact
2777,CN2405186-S,20'GP/40'HQ,,,"20GP,40HQ","[('20GP', 1), ('40HQ', 1)]",fallback
2806,CN2405213-S1,20'GP/40'GP,,,"20GP,40GP","[('20GP', 1), ('40GP', 1)]",fallback
2807,CN2405213-S2,20'GP/40'GP,,,"20GP,40GP","[('20GP', 1), ('40GP', 1)]",fallback
2808,CN2405213-S3,20'GP/40'GP,,,"20GP,40GP","[('20GP', 1), ('40GP', 1)]",fallback
2809,CN2405213-S4,20'GP/40'GP,,,"20GP,40GP","[('20GP', 1), ('40GP', 1)]",fallback
2817,CN2405219-S,20'GP/40'HQ,2.0,3,"20GP,40HQ","[('20GP', 1), ('40HQ', 1)]",exact
2819,CN2405221-S1,20'GP/40'GP/40'HQ,,,"20GP,40GP,40HQ","[('20GP', 1), ('40GP', 1), ('40HQ', 1)]",fallback
2820,CN2405221-S2,20'GP/40'GP/40'HQ,,,"20GP,40GP,40HQ","[('20GP', 1), ('40GP', 1), ('40HQ', 1)]",fallback
2821,CN2405221-S3,20'GP/40'GP/40'HQ,,,"20GP,40GP,40HQ","[('20GP', 1), ('40GP', 1), ('40HQ', 1)]",fallback
2822,CN2405221-S4,20'GP/40'GP/40'HQ,,,"20GP,40GP,40HQ","[('20GP', 1), ('40GP', 1), ('40HQ', 1)]",fallback
2863,CN2405259-S,20'GP/40'GP,2.0,3,"20GP,40GP","[('20GP', 1), ('40GP', 1)]",exact
2883,CN2405279-S,20'GP/40'HQ,2.0,3,"20GP,40HQ","[('20GP', 1), ('40HQ', 1)]",exact
2977,CN2405472-S1,20'GP/40'GP/40'HQ,,,"20GP,40GP,40HQ","[('20GP', 1), ('40GP', 1), ('40HQ', 1)]",fallback
2978,CN2405472-S2,20'GP/40'GP/40'HQ,,,"20GP,40GP,40HQ","[('20GP', 1), ('40GP', 1), ('40HQ', 1)]",fallback
2979,CN2405472-S3,20'GP/40'GP/40'HQ,,,"20GP,40GP,40HQ","[('20GP', 1), ('40GP', 1), ('40HQ', 1)]",fallback
2980,CN2405472-S4,20'GP/40'GP/40'HQ,,,"20GP,40GP,40HQ","[('20GP', 1), ('40GP', 1), ('40HQ', 1)]",fallback
2981,CN2405472-S5,20'GP/40'GP/40'HQ,,,"20GP,40GP,40HQ","[('20GP', 1), ('40GP', 1), ('40HQ', 1)]",fallback
2991,CN2405482-S1,20'GP/40'GP,,,"20GP,40GP","[('20GP', 1), ('40GP', 1)]",fallback
2992,CN2405482-S2,20'GP/40'GP,,,"20GP,40GP","[('20GP', 1), ('40GP', 1)]",fallback
2993,CN2405482-S3,20'GP/40'GP,,,"20GP,40GP","[('20GP', 1), ('40GP', 1)]",fallback
2994,CN2405482-S4,20'GP/40'GP,,,"20GP,40GP","[('20GP', 1), ('40GP', 1)]",fallback
3001,CN2405489-S,20'OT/40'OT,3.0,4,"20OT,40OT","[('20OT', 2), ('40OT', 1)]",exact
3040,CN2405527-S,20'GP/40'HQ,4.0,7,"20GP,40HQ","[('20GP', 1), ('40HQ', 3)]",exact
3051,CN2405537-S,20'GP/40'HQ,2.0,3,"20GP,40HQ","[('20GP', 1), ('40HQ', 1)]",exact
3053,CN2405539-S,20'GP/40'HQ,2.0,3,"20GP,40HQ","[('20GP', 1), ('40HQ', 1)]",exact
3072,CN2405557-S,20'GP/40'HQ,2.0,3,"20GP,40HQ","[('20GP', 1), ('40HQ', 1)]",exact
3108,CN2405590-S,20'GP/40'GP/40'HQ,,,"20GP,40GP,40HQ","[('20GP', 1), ('40GP', 1), ('40HQ', 1)]",fallback
3116,CN2405597-S,20'GP/40'GP,,,"20GP,40GP","[('20GP', 1), ('40GP', 1)]",fallback
3118,CN2405599-S,40'GP/40'HQ,3.0,6,"40GP,40HQ","[('40GP', 2), ('40HQ', 1)]",equal
3125,CN2405606-S,20'GP/40'GP,2.0,3,"20GP,40GP","[('20GP', 1), ('40GP', 1)]",exact
3126,CN2405607-S1,20'GP/40'GP/40'HQ,,,"20GP,40GP,40HQ","[('20GP', 1), ('40GP', 1), ('40HQ', 1)]",fallback
3127,CN2405607-S2,20'GP/40'GP/40'HQ,,,"20GP,40GP,40HQ","[('20GP', 1), ('40GP', 1), ('40HQ', 1)]",fallback
3128,CN2405607-S3,20'GP/40'GP/40'HQ,,,"20GP,40GP,40HQ","[('20GP', 1), ('40GP', 1), ('40HQ', 1)]",fallback
3190,CN2405667-S1,20'GP/40'GP/40'HQ,,,"20GP,40GP,40HQ","[('20GP', 1), ('40GP', 1), ('40HQ', 1)]",fallback
3191,CN2405667-S2,20'GP/40'GP/40'HQ,,,"20GP,40GP,40HQ","[('20GP', 1), ('40GP', 1), ('40HQ', 1)]",fallback
3192,CN2405667-S3,20'GP/40'GP/40'HQ,,,"20GP,40GP,40HQ","[('20GP', 1), ('40GP', 1), ('40HQ', 1)]",fallback
3193,CN2405667-S4,20'GP/40'GP/40'HQ,,,"20GP,40GP,40HQ","[('20GP', 1), ('40GP', 1), ('40HQ', 1)]",fallback
3194,CN2405667-S5,20'GP/40'GP/40'HQ,,,"20GP,40GP,40HQ","[('20GP', 1), ('40GP', 1), ('40HQ', 1)]",fallback
3195,CN2405667-S6,20'GP/40'GP/40'HQ,,,"20GP,40GP,40HQ","[('20GP', 1), ('40GP', 1), ('40HQ', 1)]",fallback
3258,CN2405730-S,20'GP/40'HQ,3.0,5,"20GP,40HQ","[('20GP', 1), ('40HQ', 2)]",exact
3316,CN2406036-S,20'GP/40'GP/40'HQ,,,"20GP,40GP,40HQ","[('20GP', 1), ('40GP', 1), ('40HQ', 1)]",fallback
3329,CN2406047-S,20'GP/40'GP/40'HQ,,,"20GP,40GP,40HQ","[('20GP', 1), ('40GP', 1), ('40HQ', 1)]",fallback
3333,CN2406051-S,20'GP/40'GP,2.0,3,"20GP,40GP","[('20GP', 1), ('40GP', 1)]",exact
3337,CN2406055-S,20'GP/40'HQ,2.0,3,"20GP,40HQ","[('20GP', 1), ('40HQ', 1)]",exact
3338,CN2406056-S,20'GP/40'GP,2.0,3,"20GP,40GP","[('20GP', 1), ('40GP', 1)]",exact
3340,CN2406058-S,20'GP/40'GP,,,"20GP,40GP","[('20GP', 1), ('40GP', 1)]",fallback
3347,CN2406065-S1,20'GP/40'GP/40'HQ,,,"20GP,40GP,40HQ","[('20GP', 1), ('40GP', 1), ('40HQ', 1)]",fallback
3348,CN2406065-S2,20'GP/40'GP/40'HQ,,,"20GP,40GP,40HQ","[('20GP', 1), ('40GP', 1), ('40HQ', 1)]",fallback
3349,CN2406066-S,20'GP/40'HQ,3.0,5,"20GP,40HQ","[('20GP', 1), ('40HQ', 2)]",exact
3355,CN2406072-S,20'GP/40'HQ,2.0,3,"20GP,40HQ","[('20GP', 1), ('40HQ', 1)]",exact
3358,CN2406075-S1,20'GP/40'GP/40'HQ,,,"20GP,40GP,40HQ","[('20GP', 1), ('40GP', 1), ('40HQ', 1)]",fallback
3443,CN2406156-S2,20'GP/40'HQ,2.0,3,"20GP,40HQ","[('20GP', 1), ('40HQ', 1)]",exact
3445,CN2406158-S,20'GP/40'GP/40'HQ,,,"20GP,40GP,40HQ","[('20GP', 1), ('40GP', 1), ('40HQ', 1)]",fallback
3475,CN2406185-AS1,40'GP/40'HQ,3.0,6,"40GP,40HQ","[('40GP', 2), ('40HQ', 1)]",equal
3482,CN2406192-S,20'GP/40'GP,,,"20GP,40GP","[('20GP', 1), ('40GP', 1)]",fallback
3496,CN2406204-S,20'GP/40'HQ,2.0,3,"20GP,40HQ","[('20GP', 1), ('40HQ', 1)]",exact
3530,CN2406235-S1,40'GP/40'HQ,,,"40GP,40HQ","[('40GP', 1), ('40HQ', 1)]",fallback
3531,CN2406235-S2,40'GP/40'HQ,,,"40GP,40HQ","[('40GP', 1), ('40HQ', 1)]",fallback
3532,CN2406235-S3,40'GP/40'HQ,,,"40GP,40HQ","[('40GP', 1), ('40HQ', 1)]",fallback
3533,CN2406235-S4,40'GP/40'HQ,,,"40GP,40HQ","[('40GP', 1), ('40HQ', 1)]",fallback
3534,CN2406235-S5,40'GP/40'HQ,,,"40GP,40HQ","[('40GP', 1), ('40HQ', 1)]",fallback
3535,CN2406235-S6,40'GP/40'HQ,,,"40GP,40HQ","[('40GP', 1), ('40HQ', 1)]",fallback
3537,CN2406237-S,20'GP/40'HQ,3.0,5,"20GP,40HQ","[('20GP', 1), ('40HQ', 2)]",exact
3560,CN2406258-S,20'GP/40'GP/40'HQ,,,"20GP,40GP,40HQ","[('20GP', 1), ('40GP', 1), ('40HQ', 1)]",fallback
3576,CN2406271-S,40'GP/40'HQ,2.0,4,"40GP,40HQ","[('40GP', 1), ('40HQ', 1)]",equal
3621,CN2406311-S,20'GP/40'GP,2.0,3,"20GP,40GP","[('20GP', 1), ('40GP', 1)]",exact
3625,CN2406315-S,20'GP/40'HQ,2.0,3,"20GP,40HQ","[('20GP', 1), ('40HQ', 1)]",exact
3676,CN2406360-S,20'GP/40'HQ,2.0,3,"20GP,40HQ","[('20GP', 1), ('40HQ', 1)]",exact
3677,CN2406361-S,40'GP/40'HQ,,,"40GP,40HQ","[('40GP', 1), ('40HQ', 1)]",fallback
3680,CN2406363-S,20'GP/40'HQ,2.0,3,"20GP,40HQ","[('20GP', 1), ('40HQ', 1)]",exact
3696,CN2406379-S,20'GP/40'GP,,,"20GP,40GP","[('20GP', 1), ('40GP', 1)]",fallback
3728,CN2406410-S,20'GP/40'GP/40'HQ,,,"20GP,40GP,40HQ","[('20GP', 1), ('40GP', 1), ('40HQ', 1)]",fallback
3729,CN2406411-S,20'GP/40'GP,,,"20GP,40GP","[('20GP', 1), ('40GP', 1)]",fallback
3730,CN2406412-S,20'GP/40'HQ,2.0,3,"20GP,40HQ","[('20GP', 1), ('40HQ', 1)]",exact
3731,CN2406413-S,20'GP/40'GP,,,"20GP,40GP","[('20GP', 1), ('40GP', 1)]",fallback
3760,CN2406440-S,20'GP/40'GP,2.0,3,"20GP,40GP","[('20GP', 1), ('40GP', 1)]",exact
3762,CN2406442-S,20'GP/40'GP,2.0,3,"20GP,40GP","[('20GP', 1), ('40GP', 1)]",exact
3763,CN2406443-S,20'GP/40'GP,2.0,3,"20GP,40GP","[('20GP', 1), ('40GP', 1)]",exact
3764,CN2406444-S,20'GP/40'GP,2.0,3,"20GP,40GP","[('20GP', 1), ('40GP', 1)]",exact
3765,CN2406445-S,20'GP/40'GP,2.0,3,"20GP,40GP","[('20GP', 1), ('40GP', 1)]",exact
3806,CN2406483-S1,20'GP/40'GP/40'HQ/20 OT/40 OT,,,"20GP,40GP,40HQ,20OT,40OT","[('20GP', 1), ('40GP', 1), ('40HQ', 1), ('20OT', 1), ('40OT', 1)]",fallback
3807,CN2406483-S2,20'GP/40'GP/40'HQ/20 OT/40 OT,,,"20GP,40GP,40HQ,20OT,40OT","[('20GP', 1), ('40GP', 1), ('40HQ', 1), ('20OT', 1), ('40OT', 1)]",fallback
3809,CN2406485-S1,20'GP/40'GP/40'HQ,,,"20GP,40GP,40HQ","[('20GP', 1), ('40GP', 1), ('40HQ', 1)]",fallback
3810,CN2406485-S2,20'GP/40'GP/40'HQ,,,"20GP,40GP,40HQ","[('20GP', 1), ('40GP', 1), ('40HQ', 1)]",fallback
3824,CN2406499-S1,20'GP/40'GP,,,"20GP,40GP","[('20GP', 1), ('40GP', 1)]",fallback
3825,CN2406499-S2,20'GP/40'GP,,,"20GP,40GP","[('20GP', 1), ('40GP', 1)]",fallback
3848,CN2406521-S,20'GP/40'HQ,2.0,3,"20GP,40HQ","[('20GP', 1), ('40HQ', 1)]",exact
3866,CN2406539-S1,20'GP/40'GP/40'HQ,,,"20GP,40GP,40HQ","[('20GP', 1), ('40GP', 1), ('40HQ', 1)]",fallback
3867,CN2406539-S2,20'GP/40'GP/40'HQ,,,"20GP,40GP,40HQ","[('20GP', 1), ('40GP', 1), ('40HQ', 1)]",fallback
3868,CN2406539-S3,20'GP/40'GP/40'HQ,,,"20GP,40GP,40HQ","[('20GP', 1), ('40GP', 1), ('40HQ', 1)]",fallback
3869,CN2406539-S4,20'GP/40'GP/40'HQ,,,"20GP,40GP,40HQ","[('20GP', 1), ('40GP', 1), ('40HQ', 1)]",fallback
3923,CN2407030-S,20'GP/40'GP,,,"20GP,40GP","[('20GP', 1), ('40GP', 1)]",fallback
3931,CN2407038-S,20'GP/40'GP/40'HQ,,,"20GP,40GP,40HQ","[('20GP', 1), ('40GP', 1), ('40HQ', 1)]",fallback
3934,CN2407040-AS1,20'GP/40'GP,,,"20GP,40GP","[('20GP', 1), ('40GP', 1)]",fallback
3936,CN2407041-S,20'OT/40'OT,4.0,7,"20OT,40OT","[('20OT', 1), ('40OT', 3)]",exact
3937,CN2407042-S1,20'GP/40'GP/40'HQ,,,"20GP,40GP,40HQ","[('20GP', 1), ('40GP', 1), ('40HQ', 1)]",fallback
3938,CN2407042-S2,20'GP/40'GP/40'HQ,,,"20GP,40GP,40HQ","[('20GP', 1), ('40GP', 1), ('40HQ', 1)]",fallback
3941,CN2407045-S,20'GP/40'HQ,2.0,3,"20GP,40HQ","[('20GP', 1), ('40HQ', 1)]",exact
3991,CN2407087-S1,20'GP/40'GP/40'HQ,,,"20GP,40GP,40HQ","[('20GP', 1), ('40GP', 1), ('40HQ', 1)]",fallback
3992,CN2407087-S2,20'GP/40'GP/40'HQ,,,"20GP,40GP,40HQ","[('20GP', 1), ('40GP', 1), ('40HQ', 1)]",fallback
3998,CN2407093-S,20'GP/40'GP/40'HQ,,,"20GP,40GP,40HQ","[('20GP', 1), ('40GP', 1), ('40HQ', 1)]",fallback
4001,CN2407096-S,20'GP/40'HQ,2.0,3,"20GP,40HQ","[('20GP', 1), ('40HQ', 1)]",exact
4032,CN2407126-S1,40'GP/40'HQ,,,"40GP,40HQ","[('40GP', 1), ('40HQ', 1)]",fallback
4033,CN2407126-S2,40'GP/40'HQ,,,"40GP,40HQ","[('40GP', 1), ('40HQ', 1)]",fallback
4034,CN2407126-S3,40'GP/40'HQ,,,"40GP,40HQ","[('40GP', 1), ('40HQ', 1)]",fallback
4057,CN2407147-S,20'GP/40'HQ,2.0,3,"20GP,40HQ","[('20GP', 1), ('40HQ', 1)]",exact
4082,CN2407171-S,20'GP/40'HQ,2.0,3,"20GP,40HQ","[('20GP', 1), ('40HQ', 1)]",exact
4087,CN2407176-S1,20'GP/40'HQ,,,"20GP,40HQ","[('20GP', 1), ('40HQ', 1)]",fallback
4088,CN2407176-S2,20'GP/40'HQ,,,"20GP,40HQ","[('20GP', 1), ('40HQ', 1)]",fallback
4145,CN2407228-S1,40'GP/40'HQ,7.0,14,"40GP,40HQ","[('40GP', 4), ('40HQ', 3)]",equal
4206,CN2407281-S,20'GP/40'GP,,,"20GP,40GP","[('20GP', 1), ('40GP', 1)]",fallback
4228,CN2407300-S,20'GP/40'HQ,2.0,3,"20GP,40HQ","[('20GP', 1), ('40HQ', 1)]",exact
4240,CN2407309-S,20'GP/40'GP/40HQ,,,"20GP,40GP,40HQ","[('20GP', 1), ('40GP', 1), ('40HQ', 1)]",fallback
4264,CN2407333-S,20'GP/40'HQ,,,"20GP,40HQ","[('20GP', 1), ('40HQ', 1)]",fallback
4272,CN2407341-S,40'OT/40'HQ,4.0,8,"40OT,40HQ","[('40OT', 2), ('40HQ', 2)]",equal
4291,CN2407360-S,20'GP/40'HQ,,,"20GP,40HQ","[('20GP', 1), ('40HQ', 1)]",fallback
4319,CN2407387-S,20'GP/40'GP,,,"20GP,40GP","[('20GP', 1), ('40GP', 1)]",fallback
4321,CN2407389-S,20'GP/40'HQ,2.0,3,"20GP,40HQ","[('20GP', 1), ('40HQ', 1)]",exact
4335,CN2407403-S1,20'GP/40'HQ,,,"20GP,40HQ","[('20GP', 1), ('40HQ', 1)]",fallback
4336,CN2407403-S2,20'GP/40'HQ,,,"20GP,40HQ","[('20GP', 1), ('40HQ', 1)]",fallback
4337,CN2407403-S3,20'GP/40'HQ,,,"20GP,40HQ","[('20GP', 1), ('40HQ', 1)]",fallback
4389,CN2407449-S1,20'GP/40'HQ,2.0,3,"20GP,40HQ","[('20GP', 1), ('40HQ', 1)]",exact
4390,CN2407449-S2,20'GP/40'HQ,2.0,3,"20GP,40HQ","[('20GP', 1), ('40HQ', 1)]",exact
4411,CN2407469-S,20'GP/40'HQ,2.0,3,"20GP,40HQ","[('20GP', 1), ('40HQ', 1)]",exact
4417,CN2407474-S,20'GP/45'HQ,2.0,3,"20GP,45HQ","[('20GP', 1), ('45HQ', 1)]",exact
4432,CN2407489-S1,20'GP/40'GP,,,"20GP,40GP","[('20GP', 1), ('40GP', 1)]",fallback
4433,CN2407489-S2,20'GP/40'GP,,,"20GP,40GP","[('20GP', 1), ('40GP', 1)]",fallback
4434,CN2407489-S3,20'GP/40'GP,,,"20GP,40GP","[('20GP', 1), ('40GP', 1)]",fallback
4435,CN2407489-S4,20'GP/40'GP,,,"20GP,40GP","[('20GP', 1), ('40GP', 1)]",fallback
4438,CN2407492-S1,20'GP/40'GP/40'HQ,,,"20GP,40GP,40HQ","[('20GP', 1), ('40GP', 1), ('40HQ', 1)]",fallback
4439,CN2407492-S2,20'GP/40'GP/40'HQ,,,"20GP,40GP,40HQ","[('20GP', 1), ('40GP', 1), ('40HQ', 1)]",fallback
4440,CN2407492-S3,20'GP/40'GP/40'HQ,,,"20GP,40GP,40HQ","[('20GP', 1), ('40GP', 1), ('40HQ', 1)]",fallback
4441,CN2407492-S4,20'GP/40'GP/40'HQ,,,"20GP,40GP,40HQ","[('20GP', 1), ('40GP', 1), ('40HQ', 1)]",fallback
4465,CN2408015.-S,20'GP/40'GP/40'HQ,,,"20GP,40GP,40HQ","[('20GP', 1), ('40GP', 1), ('40HQ', 1)]",fallback
4480,CN2408030-S,20'GP/40'GP,14.0,27,"20GP,40GP","[('20GP', 1), ('40GP', 13)]",exact
4481,CN2408031-S,20'GP/40'GP,14.0,27,"20GP,40GP","[('20GP', 1), ('40GP', 13)]",exact
4520,CN2408070-S1,20'GP/40'HQ,2.0,3,"20GP,40HQ","[('20GP', 1), ('40HQ', 1)]",exact
4521,CN2408070-S2,20'GP/40'HQ,2.0,3,"20GP,40HQ","[('20GP', 1), ('40HQ', 1)]",exact
4522,CN2408070-S3,20'GP/40'HQ,2.0,3,"20GP,40HQ","[('20GP', 1), ('40HQ', 1)]",exact
4536,CN2408084-S,20'GP/40'HQ,17.0,33,"20GP,40HQ","[('20GP', 1), ('40HQ', 16)]",exact
4563,CN2408111-S,20'GP/40'GP,,,"20GP,40GP","[('20GP', 1), ('40GP', 1)]",fallback
4569,CN2408116-S,20'GP/40'HQ,2.0,3,"20GP,40HQ","[('20GP', 1), ('40HQ', 1)]",exact
4588,CN2408135-S,20'OT/40'HQ,2.0,3,"20OT,40HQ","[('20OT', 1), ('40HQ', 1)]",exact
4616,CN2408157-S,20'GP/40'GP/40'HQ,,,"20GP,40GP,40HQ","[('20GP', 1), ('40GP', 1), ('40HQ', 1)]",fallback
4617,CN2408158-S,20'GP/40'GP,,,"20GP,40GP","[('20GP', 1), ('40GP', 1)]",fallback
4624,CN2408165-S1,20'GP/40'GP/40'HQ,,,"20GP,40GP,40HQ","[('20GP', 1), ('40GP', 1), ('40HQ', 1)]",fallback
4625,CN2408165-S2,20'GP/40'GP/40'HQ,,,"20GP,40GP,40HQ","[('20GP', 1), ('40GP', 1), ('40HQ', 1)]",fallback
4626,CN2408165-S3,20'GP/40'GP/40'HQ,,,"20GP,40GP,40HQ","[('20GP', 1), ('40GP', 1), ('40HQ', 1)]",fallback
4627,CN2408165-S4,20'GP/40'GP/40'HQ,,,"20GP,40GP,40HQ","[('20GP', 1), ('40GP', 1), ('40HQ', 1)]",fallback
4661,CN2408194-S,20'GP/40'GP,2.0,,"20GP,40GP","[('20GP', 1), ('40GP', 1)]",fallback
4673,CN2408205-S1,20'GP/40'GP/40'HQ,,,"20GP,40GP,40HQ","[('20GP', 1), ('40GP', 1), ('40HQ', 1)]",fallback
4674,CN2408205-S2,20'GP/40'GP/40'HQ,,,"20GP,40GP,40HQ","[('20GP', 1), ('40GP', 1), ('40HQ', 1)]",fallback
4675,CN2408205-S3,20'GP/40'GP/40'HQ,,,"20GP,40GP,40HQ","[('20GP', 1), ('40GP', 1), ('40HQ', 1)]",fallback
4676,CN2408205-S4,20'GP/40'GP/40'HQ,,,"20GP,40GP,40HQ","[('20GP', 1), ('40GP', 1), ('40HQ', 1)]",fallback
4677,CN2408205-S5,20'GP/40'GP/40'HQ,,,"20GP,40GP,40HQ","[('20GP', 1), ('40GP', 1), ('40HQ', 1)]",fallback
4678,CN2408206-S,20'GP/40'HQ,2.0,3,"20GP,40HQ","[('20GP', 1), ('40HQ', 1)]",exact
4685,CN2408209-AS4,20'GP/40'GP,,,"20GP,40GP","[('20GP', 1), ('40GP', 1)]",fallback
4686,CN2408209-AS5,20'GP/40'GP,,,"20GP,40GP","[('20GP', 1), ('40GP', 1)]",fallback
4687,CN2408209-AS6,20'GP/40'GP,,,"20GP,40GP","[('20GP', 1), ('40GP', 1)]",fallback
4689,CN2408211-S1,20'GP/40'GP/40'HQ,,,"20GP,40GP,40HQ","[('20GP', 1), ('40GP', 1), ('40HQ', 1)]",fallback
4690,CN2408211-S2,20'GP/40'GP/40'HQ,,,"20GP,40GP,40HQ","[('20GP', 1), ('40GP', 1), ('40HQ', 1)]",fallback
4691,CN2408211-S3,20'GP/40'GP/40'HQ,,,"20GP,40GP,40HQ","[('20GP', 1), ('40GP', 1), ('40HQ', 1)]",fallback
4692,CN2408211-S4,20'GP/40'GP/40'HQ,,,"20GP,40GP,40HQ","[('20GP', 1), ('40GP', 1), ('40HQ', 1)]",fallback
4717,CN2408234-S1,20'GP/40'GP,,,"20GP,40GP","[('20GP', 1), ('40GP', 1)]",fallback
4718,CN2408234-S2,20'GP/40'GP,,,"20GP,40GP","[('20GP', 1), ('40GP', 1)]",fallback
4719,CN2408234-S3,20'GP/40'GP,,,"20GP,40GP","[('20GP', 1), ('40GP', 1)]",fallback
4720,CN2408234-S4,20'GP/40'GP,,,"20GP,40GP","[('20GP', 1), ('40GP', 1)]",fallback
4723,CN2408237-S,20'GP/40'GP,,,"20GP,40GP","[('20GP', 1), ('40GP', 1)]",fallback
4727,CN2408240-S1,20'GP/40'GP/40'HQ,,,"20GP,40GP,40HQ","[('20GP', 1), ('40GP', 1), ('40HQ', 1)]",fallback
4728,CN2408240-S2,20'GP/40'GP/40'HQ,,,"20GP,40GP,40HQ","[('20GP', 1), ('40GP', 1), ('40HQ', 1)]",fallback
4755,CN2408263-S,20'GP/40'GP,2.0,3,"20GP,40GP","[('20GP', 1), ('40GP', 1)]",exact
4778,CN2408284-S,20'GP/40'HQ,2.0,3,"20GP,40HQ","[('20GP', 1), ('40HQ', 1)]",exact
4809,CN2408315-S,20'GP/40'GP,,,"20GP,40GP","[('20GP', 1), ('40GP', 1)]",fallback
4812,CN2408318-S1,20'GP/40'GP/40'HQ,,,"20GP,40GP,40HQ","[('20GP', 1), ('40GP', 1), ('40HQ', 1)]",fallback
4813,CN2408318-S2,20'GP/40'GP/40'HQ,,,"20GP,40GP,40HQ","[('20GP', 1), ('40GP', 1), ('40HQ', 1)]",fallback
4814,CN2408318-S3,20'GP/40'GP/40'HQ,,,"20GP,40GP,40HQ","[('20GP', 1), ('40GP', 1), ('40HQ', 1)]",fallback
4815,CN2408318-S4,20'GP/40'GP/40'HQ,,,"20GP,40GP,40HQ","[('20GP', 1), ('40GP', 1), ('40HQ', 1)]",fallback
4882,CN2408377-S2,40'HQ/40'NOR,5.0,10,"40HQ,40GP","[('40HQ', 3), ('40GP', 2)]",equal
4906,CN2408401-S,20'GP/40'GP,,,"20GP,40GP","[('20GP', 1), ('40GP', 1)]",fallback
4969,CN2408459-S,20'GP/40'HQ,2.0,3,"20GP,40HQ","[('20GP', 1), ('40HQ', 1)]",exact
4988,CN2409003-S,20'GP/40'GP,2.0,3,"20GP,40GP","[('20GP', 1), ('40GP', 1)]",exact
5013,CN2409025-S,20'GP/40'HQ,2.0,3,"20GP,40HQ","[('20GP', 1), ('40HQ', 1)]",exact
5043,CN2409051-S,20'GP/40'GP,2.0,3,"20GP,40GP","[('20GP', 1), ('40GP', 1)]",exact
5045,CN2409052-S2,20'GP/40'GP/40'HQ,,,"20GP,40GP,40HQ","[('20GP', 1), ('40GP', 1), ('40HQ', 1)]",fallback
5046,CN2409052-S3,20'GP/40'GP/40'HQ,,,"20GP,40GP,40HQ","[('20GP', 1), ('40GP', 1), ('40HQ', 1)]",fallback
5047,CN2409052-S4,20'GP/40'GP/40'HQ,,,"20GP,40GP,40HQ","[('20GP', 1), ('40GP', 1), ('40HQ', 1)]",fallback
5048,CN2409052-S5,20'GP/40'GP/40'HQ,,,"20GP,40GP,40HQ","[('20GP', 1), ('40GP', 1), ('40HQ', 1)]",fallback
5049,CN2409052-S6,20'GP/40'GP/40'HQ,,,"20GP,40GP,40HQ","[('20GP', 1), ('40GP', 1), ('40HQ', 1)]",fallback
5053,CN2409056-S,20'GP/40'GP,2.0,3,"20GP,40GP","[('20GP', 1), ('40GP', 1)]",exact
5074,CN2409076-S,20'FR/40'FR,,,"20FR,40FR","[('20FR', 1), ('40FR', 1)]",fallback
5108,CN2409110-S1,20'GP/40'GP/40'HQ,,,"20GP,40GP,40HQ","[('20GP', 1), ('40GP', 1), ('40HQ', 1)]",fallback
5109,CN2409110-S2,20'GP/40'GP/40'HQ,,,"20GP,40GP,40HQ","[('20GP', 1), ('40GP', 1), ('40HQ', 1)]",fallback
5110,CN2409110-S3,20'GP/40'GP/40'HQ,,,"20GP,40GP,40HQ","[('20GP', 1), ('40GP', 1), ('40HQ', 1)]",fallback
5111,CN2409110-S4,20'GP/40'GP/40'HQ,,,"20GP,40GP,40HQ","[('20GP', 1), ('40GP', 1), ('40HQ', 1)]",fallback
5112,CN2409110-S5,20'GP/40'GP/40'HQ,,,"20GP,40GP,40HQ","[('20GP', 1), ('40GP', 1), ('40HQ', 1)]",fallback
5113,CN2409110-S6,20'GP/40'GP/40'HQ,,,"20GP,40GP,40HQ","[('20GP', 1), ('40GP', 1), ('40HQ', 1)]",fallback
5127,CN2409124-S,20'GP/40'GP,,,"20GP,40GP","[('20GP', 1), ('40GP', 1)]",fallback
5128,CN2409125-S,20'GP/40'GP,2.0,1,"20GP,40GP","[('20GP', 1), ('40GP', 1)]",equal
5133,CN2409130-S,20'GP/40'HQ,,,"20GP,40HQ","[('20GP', 1), ('40HQ', 1)]",fallback
5146,CN2409142-S,20'GP/40'GP,,,"20GP,40GP","[('20GP', 1), ('40GP', 1)]",fallback
5150,CN2409146-S1,20'GP/40'GP/40'HQ,,,"20GP,40GP,40HQ","[('20GP', 1), ('40GP', 1), ('40HQ', 1)]",fallback
5151,CN2409146-S2,20'GP/40'GP/40'HQ,,,"20GP,40GP,40HQ","[('20GP', 1), ('40GP', 1), ('40HQ', 1)]",fallback
5152,CN2409146-S3,20'GP/40'GP/40'HQ,,,"20GP,40GP,40HQ","[('20GP', 1), ('40GP', 1), ('40HQ', 1)]",fallback
5154,CN2409148-S,20'GP/40'GP,,,"20GP,40GP","[('20GP', 1), ('40GP', 1)]",fallback
5157,CN2409151-S1,20'GP/40'GP/40'HQ,,,"20GP,40GP,40HQ","[('20GP', 1), ('40GP', 1), ('40HQ', 1)]",fallback
5158,CN2409151-S2,20'GP/40'GP/40'HQ,,,"20GP,40GP,40HQ","[('20GP', 1), ('40GP', 1), ('40HQ', 1)]",fallback
5159,CN2409151-S3,20'GP/40'GP/40'HQ,,,"20GP,40GP,40HQ","[('20GP', 1), ('40GP', 1), ('40HQ', 1)]",fallback
5160,CN2409151-S4,20'GP/40'GP/40'HQ,,,"20GP,40GP,40HQ","[('20GP', 1), ('40GP', 1), ('40HQ', 1)]",fallback
5161,CN2409151-S5,20'GP/40'GP/40'HQ,,,"20GP,40GP,40HQ","[('20GP', 1), ('40GP', 1), ('40HQ', 1)]",fallback
5201,CN2409186-S,20'GP/40'GP,,,"20GP,40GP","[('20GP', 1), ('40GP', 1)]",fallback
5203,CN2409188-S1,20'GP/40'HQ,2.0,3,"20GP,40HQ","[('20GP', 1), ('40HQ', 1)]",exact
5206,CN2409190-S1,20'GP/40'HQ,,,"20GP,40HQ","[('20GP', 1), ('40HQ', 1)]",fallback
5207,CN2409190-S2,20'GP/40'HQ,,,"20GP,40HQ","[('20GP', 1), ('40HQ', 1)]",fallback
5208,CN2409190-S3,20'GP/40'HQ,,,"20GP,40HQ","[('20GP', 1), ('40HQ', 1)]",fallback
5209,CN2409190-S4,20'GP/40'HQ,,,"20GP,40HQ","[('20GP', 1), ('40HQ', 1)]",fallback
5210,CN2409190-S5,20'GP/40'HQ,,,"20GP,40HQ","[('20GP', 1), ('40HQ', 1)]",fallback
5211,CN2409190-S6,20'GP/40'HQ,,,"20GP,40HQ","[('20GP', 1), ('40HQ', 1)]",fallback
5227,CN2409206-S,20'GP/40'GP,2.0,3,"20GP,40GP","[('20GP', 1), ('40GP', 1)]",exact
5247,CN2409225-S,20'GP/40'HQ,,,"20GP,40HQ","[('20GP', 1), ('40HQ', 1)]",fallback
5251,CN2409229-S,20'GP/40'HQ,2.0,3,"20GP,40HQ","[('20GP', 1), ('40HQ', 1)]",exact
5266,CN2409245-S,20'GP/40'HQ,2.0,3,"20GP,40HQ","[('20GP', 1), ('40HQ', 1)]",exact
5270,CN2409249-S,20'GP/40'GP,4.0,7,"20GP,40GP","[('20GP', 1), ('40GP', 3)]",exact
5293,CN2409267-S1,20'GP/40'GP/40'HQ,,,"20GP,40GP,40HQ","[('20GP', 1), ('40GP', 1), ('40HQ', 1)]",fallback
5294,CN2409267-S2,20'GP/40'GP/40'HQ,,,"20GP,40GP,40HQ","[('20GP', 1), ('40GP', 1), ('40HQ', 1)]",fallback
5295,CN2409267-S3,20'GP/40'GP/40'HQ,,,"20GP,40GP,40HQ","[('20GP', 1), ('40GP', 1), ('40HQ', 1)]",fallback
5296,CN2409267-S4,20'GP/40'GP/40'HQ,,,"20GP,40GP,40HQ","[('20GP', 1), ('40GP', 1), ('40HQ', 1)]",fallback
5297,CN2409267-S5,20'GP/40'GP/40'HQ,,,"20GP,40GP,40HQ","[('20GP', 1), ('40GP', 1), ('40HQ', 1)]",fallback
5298,CN2409267-S6,20'GP/40'GP/40'HQ,,,"20GP,40GP,40HQ","[('20GP', 1), ('40GP', 1), ('40HQ', 1)]",fallback
5305,CN2409274-S,20'GP/40'GP,3.0,4,"20GP,40GP","[('20GP', 2), ('40GP', 1)]",exact
5307,CN2409276-S,20'GP/40'GP/40'HQ,,,"20GP,40GP,40HQ","[('20GP', 1), ('40GP', 1), ('40HQ', 1)]",fallback
5330,CN2409299-S,20'GP/40'GP,,,"20GP,40GP","[('20GP', 1), ('40GP', 1)]",fallback
5332,CN2409301-S1,20'GP/40'HQ,,,"20GP,40HQ","[('20GP', 1), ('40HQ', 1)]",fallback
5333,CN2409301-S2,20'GP/40'HQ,,,"20GP,40HQ","[('20GP', 1), ('40HQ', 1)]",fallback
5335,CN2409303-S,20'GP/40'HQ,3.0,5,"20GP,40HQ","[('20GP', 1), ('40HQ', 2)]",exact
5401,CN2409367-S1,20'GP/40'GP/40'HQ,,,"20GP,40GP,40HQ","[('20GP', 1), ('40GP', 1), ('40HQ', 1)]",fallback
5402,CN2409367-S2,20'GP/40'GP/40'HQ,,,"20GP,40GP,40HQ","[('20GP', 1), ('40GP', 1), ('40HQ', 1)]",fallback
5403,CN2409367-S3,20'GP/40'GP/40'HQ,,,"20GP,40GP,40HQ","[('20GP', 1), ('40GP', 1), ('40HQ', 1)]",fallback
5404,CN2409367-S4,20'GP/40'GP/40'HQ,,,"20GP,40GP,40HQ","[('20GP', 1), ('40GP', 1), ('40HQ', 1)]",fallback
5408,CN2409371-S,20'GP/40'HQ,,,"20GP,40HQ","[('20GP', 1), ('40HQ', 1)]",fallback
5426,CN2409388-S,20'GP/40'GP/40'HQ,,,"20GP,40GP,40HQ","[('20GP', 1), ('40GP', 1), ('40HQ', 1)]",fallback
5427,CN2409388-S1,20'GP/40'GP/40'HQ,,,"20GP,40GP,40HQ","[('20GP', 1), ('40GP', 1), ('40HQ', 1)]",fallback
5464,CN2409422-S,20'GP/40'GP/40'HQ,,,"20GP,40GP,40HQ","[('20GP', 1), ('40GP', 1), ('40HQ', 1)]",fallback
5469,CN2409427-S1,20'GP/40'HQ,,,"20GP,40HQ","[('20GP', 1), ('40HQ', 1)]",fallback
5470,CN2409427-S2,20'GP/40'HQ,,,"20GP,40HQ","[('20GP', 1), ('40HQ', 1)]",fallback
5473,CN2409430-S,20'GP/40'GP,2.0,3,"20GP,40GP","[('20GP', 1), ('40GP', 1)]",exact
5504,CN2409458-S2,20'GP/40'GP/40'HQ,,,"20GP,40GP,40HQ","[('20GP', 1), ('40GP', 1), ('40HQ', 1)]",fallback
5506,CN2409458-S4,20'GP/40'GP/40'HQ,,,"20GP,40GP,40HQ","[('20GP', 1), ('40GP', 1), ('40HQ', 1)]",fallback
5530,CN2410008-S,20'GP/40'GP/40'HQ,,,"20GP,40GP,40HQ","[('20GP', 1), ('40GP', 1), ('40HQ', 1)]",fallback
5545,CN2410022-S,20'GP/40'GP,,,"20GP,40GP","[('20GP', 1), ('40GP', 1)]",fallback
5576,CN2410052-S1,20'GP/40'GP/40'HQ,,,"20GP,40GP,40HQ","[('20GP', 1), ('40GP', 1), ('40HQ', 1)]",fallback
5577,CN2410052-S2,20'GP/40'GP/40'HQ,,,"20GP,40GP,40HQ","[('20GP', 1), ('40GP', 1), ('40HQ', 1)]",fallback
5578,CN2410052-S3,20'GP/40'GP/40'HQ,,,"20GP,40GP,40HQ","[('20GP', 1), ('40GP', 1), ('40HQ', 1)]",fallback
5579,CN2410052-S4,20'GP/40'GP/40'HQ,,,"20GP,40GP,40HQ","[('20GP', 1), ('40GP', 1), ('40HQ', 1)]",fallback
5580,CN2410052-S5,20'GP/40'GP/40'HQ,,,"20GP,40GP,40HQ","[('20GP', 1), ('40GP', 1), ('40HQ', 1)]",fallback
5581,CN2410052-S6,20'GP/40'GP/40'HQ,,,"20GP,40GP,40HQ","[('20GP', 1), ('40GP', 1), ('40HQ', 1)]",fallback
5628,CN2410097-S,20'GP/40'HQ,2.0,3,"20GP,40HQ","[('20GP', 1), ('40HQ', 1)]",exact
5658,CN2410125-S,20'GP/40'GP,,,"20GP,40GP","[('20GP', 1), ('40GP', 1)]",fallback
5674,CN2410138-S1,20'GP/40'HQ,3.0,5,"20GP,40HQ","[('20GP', 1), ('40HQ', 2)]",exact
5708,CN2410165-S1,20'GP/40'GP/40'HQ,,,"20GP,40GP,40HQ","[('20GP', 1), ('40GP', 1), ('40HQ', 1)]",fallback
5709,CN2410165-S2,20'GP/40'GP/40'HQ,,,"20GP,40GP,40HQ","[('20GP', 1), ('40GP', 1), ('40HQ', 1)]",fallback
5710,CN2410165-S3,20'GP/40'GP/40'HQ,,,"20GP,40GP,40HQ","[('20GP', 1), ('40GP', 1), ('40HQ', 1)]",fallback
5711,CN2410165-S4,20'GP/40'GP/40'HQ,,,"20GP,40GP,40HQ","[('20GP', 1), ('40GP', 1), ('40HQ', 1)]",fallback
5714,CN2410168-S1,20'GP/40'GP/40'HQ,,,"20GP,40GP,40HQ","[('20GP', 1), ('40GP', 1), ('40HQ', 1)]",fallback
5715,CN2410168-S2,20'GP/40'GP/40'HQ,,,"20GP,40GP,40HQ","[('20GP', 1), ('40GP', 1), ('40HQ', 1)]",fallback
5716,CN2410168-S3,20'GP/40'GP/40'HQ,,,"20GP,40GP,40HQ","[('20GP', 1), ('40GP', 1), ('40HQ', 1)]",fallback
5717,CN2410168-S4,20'GP/40'GP/40'HQ,,,"20GP,40GP,40HQ","[('20GP', 1), ('40GP', 1), ('40HQ', 1)]",fallback
5718,CN2410168-S5,20'GP/40'GP/40'HQ,,,"20GP,40GP,40HQ","[('20GP', 1), ('40GP', 1), ('40HQ', 1)]",fallback
5719,CN2410168-S6,20'GP/40'GP/40'HQ,,,"20GP,40GP,40HQ","[('20GP', 1), ('40GP', 1), ('40HQ', 1)]",fallback
5728,CN2410177-S,20'GP/40'GP,,,"20GP,40GP","[('20GP', 1), ('40GP', 1)]",fallback
5731,CN2410180-S,20'GP/40'GP/40'HQ,,,"20GP,40GP,40HQ","[('20GP', 1), ('40GP', 1), ('40HQ', 1)]",fallback
5760,CN2410206-S1,20'GP/40'GP/40'HQ,,,"20GP,40GP,40HQ","[('20GP', 1), ('40GP', 1), ('40HQ', 1)]",fallback
5761,CN2410206-S2,20'GP/40'GP/40'HQ,,,"20GP,40GP,40HQ","[('20GP', 1), ('40GP', 1), ('40HQ', 1)]",fallback
5764,CN2410208-S2,20'GP/40'GP,2.0,3,"20GP,40GP","[('20GP', 1), ('40GP', 1)]",exact
5769,CN2410211-S,20'GP/40'GP,,,"20GP,40GP","[('20GP', 1), ('40GP', 1)]",fallback
5770,CN2410212-S,20'GP/40'HQ,,,"20GP,40HQ","[('20GP', 1), ('40HQ', 1)]",fallback
5791,CN2410232-S,20'GP/40'GP,,,"20GP,40GP","[('20GP', 1), ('40GP', 1)]",fallback
5792,CN2410233-S,20'GP/40'GP/20 TANK,,,"20GP,40GP,20TANK","[('20GP', 1), ('40GP', 1), ('20TANK', 1)]",fallback
5808,CN2410249-S,40'GP/40'HQ,2.0,4,"40GP,40HQ","[('40GP', 1), ('40HQ', 1)]",equal
5812,CN2410253-S,20'GP/40;GP/40'HQ,,,"20GP,40HQ","[('20GP', 1), ('40HQ', 1)]",fallback
5844,CN2410284-S,20'GP/40'GP,2.0,3,"20GP,40GP","[('20GP', 1), ('40GP', 1)]",exact
5879,CN2410319-S1,20'GP/40'GP,2.0,3,"20GP,40GP","[('20GP', 1), ('40GP', 1)]",exact
5880,CN2410319-S2,20'GP/40'GP,2.0,3,"20GP,40GP","[('20GP', 1), ('40GP', 1)]",exact
5911,CN2410349-S,40'HQ/40'GP,2.0,4,"40HQ,40GP","[('40HQ', 1), ('40GP', 1)]",equal
5912,CN2410350-S,20'GP/40'HQ,2.0,3,"20GP,40HQ","[('20GP', 1), ('40HQ', 1)]",exact
5922,CN2410360-S1,20'GP/40'GP/40'HQ,,,"20GP,40GP,40HQ","[('20GP', 1), ('40GP', 1), ('40HQ', 1)]",fallback
5923,CN2410360-S2,20'GP/40'GP/40'HQ,,,"20GP,40GP,40HQ","[('20GP', 1), ('40GP', 1), ('40HQ', 1)]",fallback
5924,CN2410360-S3,20'GP/40'GP/40'HQ,,,"20GP,40GP,40HQ","[('20GP', 1), ('40GP', 1), ('40HQ', 1)]",fallback
5925,CN2410360-S4,20'GP/40'GP/40'HQ,,,"20GP,40GP,40HQ","[('20GP', 1), ('40GP', 1), ('40HQ', 1)]",fallback
5926,CN2410360-S5,20'GP/40'GP/40'HQ,,,"20GP,40GP,40HQ","[('20GP', 1), ('40GP', 1), ('40HQ', 1)]",fallback
5940,CN2410373-S,40'GP/40'HQ,1.0,2,"40GP,40HQ","[('40GP', 1), ('40HQ', 0)]",equal
5969,CN2410401-S,20'GP/40'HQ,2.0,3,"20GP,40HQ","[('20GP', 1), ('40HQ', 1)]",exact
5998,CN2410429-S,20'GP/40'GP/40'HQ,3.0,5,"20GP,40GP,40HQ","[('20GP', 1), ('40GP', 0), ('40HQ', 2)]",exact
6021,CN2410452-S1,20'GP/40'HQ/45'HQ,3.0,5,"20GP,40HQ,45HQ","[('20GP', 1), ('40HQ', 2), ('45HQ', 0)]",exact
6029,CN2410459-S,20'GP/40'GP,1.0,,"20GP,40GP","[('20GP', 1), ('40GP', 1)]",fallback
6053,CN2410482-S,20'GP/40'GP,,,"20GP,40GP","[('20GP', 1), ('40GP', 1)]",fallback
6055,CN2410484-S,20'GP/40'GP/40'HQ,,,"20GP,40GP,40HQ","[('20GP', 1), ('40GP', 1), ('40HQ', 1)]",fallback
6103,CN2410532-S,20'GP/40'GP,2.0,3,"20GP,40GP","[('20GP', 1), ('40GP', 1)]",exact
6109,CN2410538-S,40'HQ/40'OT,30.0,60,"40HQ,40OT","[('40HQ', 15), ('40OT', 15)]",equal
6121,CN2411008-S1,20'GP/40'GP/40'HQ,3.0,5,"20GP,40GP,40HQ","[('20GP', 1), ('40GP', 0), ('40HQ', 2)]",exact
6122,CN2411008-S2,20'GP/40'GP/40'HQ,3.0,5,"20GP,40GP,40HQ","[('20GP', 1), ('40GP', 0), ('40HQ', 2)]",exact
6123,CN2411008-S3,20'GP/40'GP/40'HQ,3.0,5,"20GP,40GP,40HQ","[('20GP', 1), ('40GP', 0), ('40HQ', 2)]",exact
6164,CN2411041-S1,20'GP/40'GP/40'HQ,3.0,5,"20GP,40GP,40HQ","[('20GP', 1), ('40GP', 0), ('40HQ', 2)]",exact
6165,CN2411041-S2,20'GP/40'GP/40'HQ,3.0,5,"20GP,40GP,40HQ","[('20GP', 1), ('40GP', 0), ('40HQ', 2)]",exact
6166,CN2411041-S3,20'GP/40'GP/40'HQ,3.0,5,"20GP,40GP,40HQ","[('20GP', 1), ('40GP', 0), ('40HQ', 2)]",exact
6182,CN2411057-S,20'GP/40'HQ,2.0,3,"20GP,40HQ","[('20GP', 1), ('40HQ', 1)]",exact
6209,CN2411081-S,20'OT/40'HQ,,,"20OT,40HQ","[('20OT', 1), ('40HQ', 1)]",fallback
6246,CN2411118-S,20'GP/40'GP/40'HQ,3.0,5,"20GP,40GP,40HQ","[('20GP', 1), ('40GP', 0), ('40HQ', 2)]",exact
6255,CN2411127-S,20'GP/40'GP,2.0,3,"20GP,40GP","[('20GP', 1), ('40GP', 1)]",exact
6262,CN2411133-S,20'GP/40'GP,2.0,3,"20GP,40GP","[('20GP', 1), ('40GP', 1)]",exact
6305,CN2411174-S1,20'GP/40'GP/40'HQ,3.0,5,"20GP,40GP,40HQ","[('20GP', 1), ('40GP', 0), ('40HQ', 2)]",exact
6306,CN2411174-S2,20'GP/40'GP/40'HQ,3.0,5,"20GP,40GP,40HQ","[('20GP', 1), ('40GP', 0), ('40HQ', 2)]",exact
6307,CN2411174-S3,20'GP/40'GP/40'HQ,3.0,5,"20GP,40GP,40HQ","[('20GP', 1), ('40GP', 0), ('40HQ', 2)]",exact
6308,CN2411174-S4,20'GP/40'GP/40'HQ,3.0,5,"20GP,40GP,40HQ","[('20GP', 1), ('40GP', 0), ('40HQ', 2)]",exact
6326,CN2411192-S1,20'GP/40'GP,2.0,3,"20GP,40GP","[('20GP', 1), ('40GP', 1)]",exact
6327,CN2411192-S2,20'GP/40'GP,2.0,3,"20GP,40GP","[('20GP', 1), ('40GP', 1)]",exact
6328,CN2411192-S3,20'GP/40'GP,2.0,3,"20GP,40GP","[('20GP', 1), ('40GP', 1)]",exact
6336,CN2411197-S2,20'GP/40'HQ,2.0,3,"20GP,40HQ","[('20GP', 1), ('40HQ', 1)]",exact
6344,CN2411205-S,20'GP/40'GP/40'HC,3.0,5,"20GP,40GP,40HC","[('20GP', 1), ('40GP', 0), ('40HC', 2)]",exact
6356,CN2411217-S,20'GP/40'HQ,2.0,3,"20GP,40HQ","[('20GP', 1), ('40HQ', 1)]",exact
6363,CN2411224-S1,20'GP/40'GP,2.0,3,"20GP,40GP","[('20GP', 1), ('40GP', 1)]",exact
6364,CN2411224-S2,20'GP/40'GP,2.0,3,"20GP,40GP","[('20GP', 1), ('40GP', 1)]",exact
6365,CN2411224-S3,20'GP/40'GP,2.0,3,"20GP,40GP","[('20GP', 1), ('40GP', 1)]",exact
6366,CN2411224-S4,20'GP/40'GP,2.0,3,"20GP,40GP","[('20GP', 1), ('40GP', 1)]",exact
6367,CN2411224-S5,20'GP/40'GP,2.0,3,"20GP,40GP","[('20GP', 1), ('40GP', 1)]",exact
6368,CN2411224-S6,20'GP/40'GP,2.0,3,"20GP,40GP","[('20GP', 1), ('40GP', 1)]",exact
6369,CN2411224-S7,20'GP/40'GP,2.0,3,"20GP,40GP","[('20GP', 1), ('40GP', 1)]",exact
6370,CN2411224-S8,20'GP/40'GP,2.0,3,"20GP,40GP","[('20GP', 1), ('40GP', 1)]",exact
6371,CN2411224-S9,20'GP/40'GP,2.0,3,"20GP,40GP","[('20GP', 1), ('40GP', 1)]",exact
6436,CN2411285-S1,20'GP/40'GP/40'HQ,3.0,5,"20GP,40GP,40HQ","[('20GP', 1), ('40GP', 0), ('40HQ', 2)]",exact
6437,CN2411285-S2,20'GP/40'GP/40'HQ,3.0,5,"20GP,40GP,40HQ","[('20GP', 1), ('40GP', 0), ('40HQ', 2)]",exact
6447,CN2411295-S,20'GP/40'HC,2.0,3,"20GP,40HC","[('20GP', 1), ('40HC', 1)]",exact
6449,CN2411297-S,20'GP/40'GP,2.0,3,"20GP,40GP","[('20GP', 1), ('40GP', 1)]",exact
6463,CN2411311-S,40'GP/40'HQ,2.0,4,"40GP,40HQ","[('40GP', 1), ('40HQ', 1)]",equal
6474,CN2411321-S,20'GP/40'GP/40'HQ,3.0,5,"20GP,40GP,40HQ","[('20GP', 1), ('40GP', 0), ('40HQ', 2)]",exact
6484,CN2411327-S1,20'GP/40'HQ,2.0,3,"20GP,40HQ","[('20GP', 1), ('40HQ', 1)]",exact
6540,CN2411378-S,20'GP/40'GP/40'HQ,3.0,5,"20GP,40GP,40HQ","[('20GP', 1), ('40GP', 0), ('40HQ', 2)]",exact
6547,CN2411385-S,20'GP/40'HQ,2.0,3,"20GP,40HQ","[('20GP', 1), ('40HQ', 1)]",exact
6595,CN2411432-S1,20'GP/40'HQ,2.0,3,"20GP,40HQ","[('20GP', 1), ('40HQ', 1)]",exact
6596,CN2411432-S2,20'GP/40'HQ,2.0,3,"20GP,40HQ","[('20GP', 1), ('40HQ', 1)]",exact
6605,CN2411440-S,20'GP/40'HQ,2.0,3,"20GP,40HQ","[('20GP', 1), ('40HQ', 1)]",exact
6674,CN2411497-S,20'GP/40'GP/40'HQ,3.0,5,"20GP,40GP,40HQ","[('20GP', 1), ('40GP', 0), ('40HQ', 2)]",exact
6889,CN2412103-S2,20'GP/40'HQ,2.0,3,"20GP,40HQ","[('20GP', 1), ('40HQ', 1)]",exact
6894,CN2412108-S,20'GP/40'HQ,2.0,3,"20GP,40HQ","[('20GP', 1), ('40HQ', 1)]",exact
6906,CN2412119-S,20'GP/40'HQ,2.0,3,"20GP,40HQ","[('20GP', 1), ('40HQ', 1)]",exact
6920,CN2412132-S1,20'GP/40'GP/40'HQ,3.0,5,"20GP,40GP,40HQ","[('20GP', 1), ('40GP', 0), ('40HQ', 2)]",exact
6921,CN2412132-S2,20'GP/40'GP/40'HQ,3.0,5,"20GP,40GP,40HQ","[('20GP', 1), ('40GP', 0), ('40HQ', 2)]",exact
6922,CN2412132-S3,20'GP/40'GP/40'HQ,3.0,5,"20GP,40GP,40HQ","[('20GP', 1), ('40GP', 0), ('40HQ', 2)]",exact
6925,CN2412135-S,20'GP/40'HQ,2.0,3,"20GP,40HQ","[('20GP', 1), ('40HQ', 1)]",exact
6951,CN2412158-S,20GP/40'HQ,2.0,3,"20GP,40HQ","[('20GP', 1), ('40HQ', 1)]",exact
6955,CN2412162-S,20'GP/40'HQ,2.0,3,"20GP,40HQ","[('20GP', 1), ('40HQ', 1)]",exact
7001,CN2412199-S,20GP/40'HQ,2.0,3,"20GP,40HQ","[('20GP', 1), ('40HQ', 1)]",exact
7048,CN2412239-S3,40'HQ + 20'GP,2.0,3,"40HQ,20GP","[('40HQ', 1), ('20GP', 1)]",exact
7116,CN2412300-S,20'GP/40'HQ,2.0,3,"20GP,40HQ","[('20GP', 1), ('40HQ', 1)]",exact
7198,CN2412377-S,40'OT/40'GP,6.0,12,"40OT,40GP","[('40OT', 3), ('40GP', 3)]",equal
7213,CN2412392-S,20'GP/40'GP/40'HQ,3.0,5,"20GP,40GP,40HQ","[('20GP', 1), ('40GP', 0), ('40HQ', 2)]",exact
7252,CN2412431-S,20'GP/40'HQ,2.0,3,"20GP,40HQ","[('20GP', 1), ('40HQ', 1)]",exact
7262,CN2412440-S,20'GP/40/GP/40'HQ,3.0,5,"20GP,40HQ","[('20GP', 1), ('40HQ', 2)]",exact
7287,CN2412465-S,20'GP/40'GP,2.0,3,"20GP,40GP","[('20GP', 1), ('40GP', 1)]",exact
7296,CN2412474-S1,20'GP/40'GP,2.0,3,"20GP,40GP","[('20GP', 1), ('40GP', 1)]",exact
7297,CN2412474-S2,20'GP/40'GP,2.0,3,"20GP,40GP","[('20GP', 1), ('40GP', 1)]",exact
7304,CN2412481-S,20'GP/40'GP,2.0,3,"20GP,40GP","[('20GP', 1), ('40GP', 1)]",exact
7329,CN2412502-S,20'GP/40'HQ,2.0,3,"20GP,40HQ","[('20GP', 1), ('40HQ', 1)]",exact
7340,CN2412513-S,20'GP/40'GP,2.0,3,"20GP,40GP","[('20GP', 1), ('40GP', 1)]",exact
7402,CN2501043-S,20'GP/40'HQ,2.0,3,"20GP,40HQ","[('20GP', 1), ('40HQ', 1)]",exact
7414,CN2501053-S,20'GP/40'HQ,2.0,3,"20GP,40HQ","[('20GP', 1), ('40HQ', 1)]",exact
7444,CN2501076-S,20'GP/40'HQ,3.0,5,"20GP,40HQ","[('20GP', 1), ('40HQ', 2)]",exact
7480,CN2501111-S1,20'GP/40'GP/40'HQ,3.0,5,"20GP,40GP,40HQ","[('20GP', 1), ('40GP', 0), ('40HQ', 2)]",exact
7481,CN2501111-S2,20'GP/40'GP/40'HQ,3.0,5,"20GP,40GP,40HQ","[('20GP', 1), ('40GP', 0), ('40HQ', 2)]",exact
7482,CN2501111-S3,20'GP/40'GP/40'HQ,3.0,5,"20GP,40GP,40HQ","[('20GP', 1), ('40GP', 0), ('40HQ', 2)]",exact
7517,CN2501143-S2,40'HQ/40'OT,4.0,8,"40HQ,40OT","[('40HQ', 2), ('40OT', 2)]",equal
7556,CN2501180-S,20'GP/40'GP/40'HQ,3.0,5,"20GP,40GP,40HQ","[('20GP', 1), ('40GP', 0), ('40HQ', 2)]",exact
7587,CN2501206-S1,20'GP/40'GP/40'HQ,3.0,5,"20GP,40GP,40HQ","[('20GP', 1), ('40GP', 0), ('40HQ', 2)]",exact
7588,CN2501206-S2,20'GP/40'GP/40'HQ,3.0,5,"20GP,40GP,40HQ","[('20GP', 1), ('40GP', 0), ('40HQ', 2)]",exact
7590,CN2501208-S1,20'GP/40'GP/40'HQ,3.0,5,"20GP,40GP,40HQ","[('20GP', 1), ('40GP', 0), ('40HQ', 2)]",exact
7591,CN2501208-S2,20'GP/40'GP/40'HQ,3.0,5,"20GP,40GP,40HQ","[('20GP', 1), ('40GP', 0), ('40HQ', 2)]",exact
7592,CN2501208-S3,20'GP/40'GP/40'HQ,3.0,5,"20GP,40GP,40HQ","[('20GP', 1), ('40GP', 0), ('40HQ', 2)]",exact
7606,CN2501218-S,20'GP/40'HQ,2.0,3,"20GP,40HQ","[('20GP', 1), ('40HQ', 1)]",exact
7609,CN2501221-S,40'GP/40'HQ,2.0,4,"40GP,40HQ","[('40GP', 1), ('40HQ', 1)]",equal
7642,CN2501254-S1,20'GP/40'GP/40'HQ,1.0,,"20GP,40GP,40HQ","[('20GP', 1), ('40GP', 1), ('40HQ', 1)]",fallback
7643,CN2501254-S2,20'GP/40'GP/40'HQ,1.0,,"20GP,40GP,40HQ","[('20GP', 1), ('40GP', 1), ('40HQ', 1)]",fallback
7644,CN2501254-S3,20'GP/40'GP/40'HQ,1.0,,"20GP,40GP,40HQ","[('20GP', 1), ('40GP', 1), ('40HQ', 1)]",fallback
7645,CN2501254-S4,20'GP/40'GP/40'HQ,1.0,,"20GP,40GP,40HQ","[('20GP', 1), ('40GP', 1), ('40HQ', 1)]",fallback
7677,CN2501285-S1,20'GP/40'GP/40'HQ,3.0,5,"20GP,40GP,40HQ","[('20GP', 1), ('40GP', 0), ('40HQ', 2)]",exact
7678,CN2501285-S2,20'GP/40'GP/40'HQ,3.0,5,"20GP,40GP,40HQ","[('20GP', 1), ('40GP', 0), ('40HQ', 2)]",exact
7754,CN2501354-S,20'GP/40'GP/40'HQ,3.0,5,"20GP,40GP,40HQ","[('20GP', 1), ('40GP', 0), ('40HQ', 2)]",exact
7779,CN2501378-S,20'GP/40'HQ,2.0,3,"20GP,40HQ","[('20GP', 1), ('40HQ', 1)]",exact
7785,CN2501384-S,20'GP/40'HQ,2.0,3,"20GP,40HQ","[('20GP', 1), ('40HQ', 1)]",exact
7831,CN2501427-S,20'GP/40'GP/40'HQ,3.0,,"20GP,40GP,40HQ","[('20GP', 1), ('40GP', 1), ('40HQ', 1)]",fallback
7835,CN2501430-S,20'GP/40'GP/40'HQ,1.0,,"20GP,40GP,40HQ","[('20GP', 1), ('40GP', 1), ('40HQ', 1)]",fallback
7839,CN2501434-S1,20'GP/40'HQ,2.0,3,"20GP,40HQ","[('20GP', 1), ('40HQ', 1)]",exact
7840,CN2501434-S2,20'GP/40'HQ,2.0,3,"20GP,40HQ","[('20GP', 1), ('40HQ', 1)]",exact
7841,CN2501434-S3,20'GP/40'HQ,2.0,3,"20GP,40HQ","[('20GP', 1), ('40HQ', 1)]",exact
7842,CN2501434-S4,20'GP/40'HQ,2.0,3,"20GP,40HQ","[('20GP', 1), ('40HQ', 1)]",exact
7843,CN2501435-S1,20'GP/40'GP/40'HQ,3.0,5,"20GP,40GP,40HQ","[('20GP', 1), ('40GP', 0), ('40HQ', 2)]",exact
7844,CN2501435-S2,20'GP/40'GP/40'HQ,3.0,5,"20GP,40GP,40HQ","[('20GP', 1), ('40GP', 0), ('40HQ', 2)]",exact
7845,CN2501435-S3,20'GP/40'GP/40'HQ,3.0,5,"20GP,40GP,40HQ","[('20GP', 1), ('40GP', 0), ('40HQ', 2)]",exact
7846,CN2501436-S,20'GP/40'GP/40'HQ,1.0,5,"20GP,40GP,40HQ","[('20GP', 1), ('40GP', 0), ('40HQ', 0)]",equal
7912,CN2502002-S,20'GP/40'GP/40'HQ,2.0,3,"20GP,40GP,40HQ","[('20GP', 1), ('40GP', 0), ('40HQ', 1)]",exact
7914,CN2502004-S,20'GP/40'GP/40'HQ,2.0,3,"20GP,40GP,40HQ","[('20GP', 1), ('40GP', 0), ('40HQ', 1)]",exact
7921,CN2502010-S,20'GP/40'HQ,2.0,3,"20GP,40HQ","[('20GP', 1), ('40HQ', 1)]",exact
7937,CN2502025-S,20'GP/40'GP,2.0,3,"20GP,40GP","[('20GP', 1), ('40GP', 1)]",exact
7975,CN2502055-S1,20'GP/40'GP,2.0,3,"20GP,40GP","[('20GP', 1), ('40GP', 1)]",exact
7976,CN2502055-S2,20'GP/40'GP,2.0,3,"20GP,40GP","[('20GP', 1), ('40GP', 1)]",exact
7977,CN2502055-S3,20'GP/40'GP,2.0,3,"20GP,40GP","[('20GP', 1), ('40GP', 1)]",exact
7997,CN2502063-S,40'HQ+20'GP,2.0,3,"40HQ,20GP","[('40HQ', 1), ('20GP', 1)]",exact
8065,CN2502125-S,20'GP/40'GP/40'HQ,1.0,5,"20GP,40GP,40HQ","[('20GP', 1), ('40GP', 0), ('40HQ', 0)]",equal
8074,CN2502134-S,20'GP/40'GP,11.0,21,"20GP,40GP","[('20GP', 1), ('40GP', 10)]",exact
8081,CN2502140-S,20'GP/40'HQ,2.0,3,"20GP,40HQ","[('20GP', 1), ('40HQ', 1)]",exact
8085,CN2502144-S,20'GP/40'GP/40'HQ,3.0,5,"20GP,40GP,40HQ","[('20GP', 1), ('40GP', 0), ('40HQ', 2)]",exact
8126,CN2502183-S1,20'GP/40'GP/40'HQ,3.0,5,"20GP,40GP,40HQ","[('20GP', 1), ('40GP', 0), ('40HQ', 2)]",exact
8127,CN2502183-S2,20'GP/40'GP/40'HQ,3.0,5,"20GP,40GP,40HQ","[('20GP', 1), ('40GP', 0), ('40HQ', 2)]",exact
8128,CN2502183-S3,20'GP/40'GP/40'HQ,3.0,5,"20GP,40GP,40HQ","[('20GP', 1), ('40GP', 0), ('40HQ', 2)]",exact
8129,CN2502183-S4,20'GP/40'GP/40'HQ,3.0,5,"20GP,40GP,40HQ","[('20GP', 1), ('40GP', 0), ('40HQ', 2)]",exact
8130,CN2502183-S5,20'GP/40'GP/40'HQ,3.0,5,"20GP,40GP,40HQ","[('20GP', 1), ('40GP', 0), ('40HQ', 2)]",exact
8181,CN2502225-S,20'GP/40'HQ,2.0,3,"20GP,40HQ","[('20GP', 1), ('40HQ', 1)]",exact
8235,CN2502275-S,20'GP/40'GP/40'HQ,3.0,5,"20GP,40GP,40HQ","[('20GP', 1), ('40GP', 0), ('40HQ', 2)]",exact
8252,CN2502289-S1,20'GP/40'HQ,2.0,3,"20GP,40HQ","[('20GP', 1), ('40HQ', 1)]",exact
8279,CN2502305-S,40'HQ/45'HQ,2.0,4,"40HQ,45HQ","[('40HQ', 2), ('45HQ', 0)]",exact
8283,CN2502309-S1,20'GP/40'HQ,2.0,3,"20GP,40HQ","[('20GP', 1), ('40HQ', 1)]",exact
8284,CN2502309-S2,20'GP/40'HQ,2.0,3,"20GP,40HQ","[('20GP', 1), ('40HQ', 1)]",exact
8285,CN2502309-S3,20'GP/40'HQ,2.0,3,"20GP,40HQ","[('20GP', 1), ('40HQ', 1)]",exact
8288,CN2502312-S,20'GP/40'HQ,2.0,3,"20GP,40HQ","[('20GP', 1), ('40HQ', 1)]",exact
8299,CN2502323-S,20'GP/40'HQ,2.0,3,"20GP,40HQ","[('20GP', 1), ('40HQ', 1)]",exact
8343,CN2502364-S,20'GP/40'HQ,2.0,3,"20GP,40HQ","[('20GP', 1), ('40HQ', 1)]",exact
8358,CN2502378-S,20'GP/40'HQ,2.0,3,"20GP,40HQ","[('20GP', 1), ('40HQ', 1)]",exact
8399,CN2502417-S,20'GP/40'GP,2.0,3,"20GP,40GP","[('20GP', 1), ('40GP', 1)]",exact
8403,CN2502421-S,20'GP/40'HQ,2.0,3,"20GP,40HQ","[('20GP', 1), ('40HQ', 1)]",exact
8433,CN2502449-S,20'GP/40'HQ,2.0,3,"20GP,40HQ","[('20GP', 1), ('40HQ', 1)]",exact
8479,CN2502488-S,20'GP/40'GP,2.0,3,"20GP,40GP","[('20GP', 1), ('40GP', 1)]",exact
8484,CN2503001-S,20'GP/40'HQ,1.0,3,"20GP,40HQ","[('20GP', 1), ('40HQ', 0)]",equal
8535,CN2503050-S,20'GP/40'HQ,2.0,3,"20GP,40HQ","[('20GP', 1), ('40HQ', 1)]",exact
8553,CN2503068-S,20'GP/40'HQ,2.0,3,"20GP,40HQ","[('20GP', 1), ('40HQ', 1)]",exact
8578,CN2503091-S,20GP/40'GP/40'HQ,3.0,5,"40GP,40HQ","[('40GP', 2), ('40HQ', 1)]",equal
8586,CN2503099-S,20'GP/40'HQ,2.0,3,"20GP,40HQ","[('20GP', 1), ('40HQ', 1)]",exact
8587,CN2503100-S,20'GP/40'NOR,2.0,3,"20GP,40GP","[('20GP', 1), ('40GP', 1)]",exact
8616,CN2503128-S,20'GP/40'HQ,2.0,3,"20GP,40HQ","[('20GP', 1), ('40HQ', 1)]",exact
8619,CN2503131-S,40'NOR/40'HC,2.0,4,"40GP,40HC","[('40GP', 1), ('40HC', 1)]",equal
8630,CN2503142-S,20'GP/40'HQ,2.0,3,"20GP,40HQ","[('20GP', 1), ('40HQ', 1)]",exact
8631,CN2503143-S,20'GP/40'HQ,2.0,3,"20GP,40HQ","[('20GP', 1), ('40HQ', 1)]",exact
8673,CN2503185-S1,20'GP/40'GP/40'HQ,3.0,5,"20GP,40GP,40HQ","[('20GP', 1), ('40GP', 0), ('40HQ', 2)]",exact
8674,CN2503185-S2,20'GP/40'GP/40'HQ,3.0,5,"20GP,40GP,40HQ","[('20GP', 1), ('40GP', 0), ('40HQ', 2)]",exact
8675,CN2503185-S3,20'GP/40'GP/40'HQ,3.0,5,"20GP,40GP,40HQ","[('20GP', 1), ('40GP', 0), ('40HQ', 2)]",exact
8676,CN2503185-S4,20'GP/40'GP/40'HQ,3.0,5,"20GP,40GP,40HQ","[('20GP', 1), ('40GP', 0), ('40HQ', 2)]",exact
8694,CN2503203-S,40'GP/40'HQ,,,"40GP,40HQ","[('40GP', 1), ('40HQ', 1)]",fallback
8702,CN2503211-S1,20'GP/40'HQ,2.0,3,"20GP,40HQ","[('20GP', 1), ('40HQ', 1)]",exact
8703,CN2503211-S2,20'GP/40'HQ,2.0,3,"20GP,40HQ","[('20GP', 1), ('40HQ', 1)]",exact
8716,CN2503224-S,20'GP/40'GP/40'HQ,3.0,5,"20GP,40GP,40HQ","[('20GP', 1), ('40GP', 0), ('40HQ', 2)]",exact
8723,CN2503231-S,20'GP/40'GP/40'HQ,3.0,5,"20GP,40GP,40HQ","[('20GP', 1), ('40GP', 0), ('40HQ', 2)]",exact
8730,CN2503238-S1,20'GP/40'HQ,2.0,3,"20GP,40HQ","[('20GP', 1), ('40HQ', 1)]",exact
8731,CN2503238-S2,20'GP/40'HQ,2.0,3,"20GP,40HQ","[('20GP', 1), ('40HQ', 1)]",exact
8732,CN2503238-S3,20'GP/40'HQ,2.0,3,"20GP,40HQ","[('20GP', 1), ('40HQ', 1)]",exact
8747,CN2503253-S,20'GP/40'HQ,9.0,17,"20GP,40HQ","[('20GP', 1), ('40HQ', 8)]",exact
8791,CN2503294-S,20'GP/40'HQ,2.0,3,"20GP,40HQ","[('20GP', 1), ('40HQ', 1)]",exact
8800,CN2503301-S,20'GP/40'HQ,2.0,3,"20GP,40HQ","[('20GP', 1), ('40HQ', 1)]",exact
8831,CN2503331-S,20'GP/40'GP/40'HQ,3.0,5,"20GP,40GP,40HQ","[('20GP', 1), ('40GP', 0), ('40HQ', 2)]",exact
8861,CN2503361-S,20'GP/40'GP/40'HQ,3.0,5,"20GP,40GP,40HQ","[('20GP', 1), ('40GP', 0), ('40HQ', 2)]",exact
8902,CN2503401-S,20'GP/40'HQ,2.0,3,"20GP,40HQ","[('20GP', 1), ('40HQ', 1)]",exact
8918,CN2503417-S,20'GP/40'HQ,,,"20GP,40HQ","[('20GP', 1), ('40HQ', 1)]",fallback
9030,CN2503522-S,20'GP/40'GP,2.0,3,"20GP,40GP","[('20GP', 1), ('40GP', 1)]",exact
9049,CN2503541-S,20'GP/40'HQ,2.0,3,"20GP,40HQ","[('20GP', 1), ('40HQ', 1)]",exact
9090,CN2503578-S,20'GP+40'HQ,2.0,3,"20GP,40HQ","[('20GP', 1), ('40HQ', 1)]",exact
9096,CN2503583-S,40'HQ/20'GP,14.0,26,"40HQ,20GP","[('40HQ', 12), ('20GP', 2)]",exact
9170,CN2503653-S,20'GP/40'HQ,2.0,3,"20GP,40HQ","[('20GP', 1), ('40HQ', 1)]",exact
9195,CN2503676-S,20'GP/40'HQ,1.0,3,"20GP,40HQ","[('20GP', 1), ('40HQ', 0)]",equal
9219,CN2504015-AS,20'GP/40'GP/40'JQ,15~20,,"20GP,40GP","[('20GP', 1), ('40GP', 1)]",fallback
9239,CN2504035-S,20'GP/40'HQ,1.0,3,"20GP,40HQ","[('20GP', 1), ('40HQ', 0)]",equal
9307,CN2504100-S,40'HQ/20'GP,6.0,11,"40HQ,20GP","[('40HQ', 5), ('20GP', 1)]",exact
9335,CN2504127-S,20'GP/40'HQ,2.0,3,"20GP,40HQ","[('20GP', 1), ('40HQ', 1)]",exact
9381,CN2504169-S,20'GP/40'GP/40'HQ,3.0,5,"20GP,40GP,40HQ","[('20GP', 1), ('40GP', 0), ('40HQ', 2)]",exact
9413,CN2504200-S,20'GP/40'HQ,2.0,3,"20GP,40HQ","[('20GP', 1), ('40HQ', 1)]",exact
9460,CN2504247-S,20'GP+40'HQ,2.0,3,"20GP,40HQ","[('20GP', 1), ('40HQ', 1)]",exact
9464,CN2504251-S,20'GP+40'HQ,2.0,3,"20GP,40HQ","[('20GP', 1), ('40HQ', 1)]",exact
9469,CN2504256-S,40'HQ/40OOG,,,"40HQ,40OOG","[('40HQ', 1), ('40OOG', 1)]",fallback
9496,CN2504283-S,20'GP+40'HQ,2.0,3,"20GP,40HQ","[('20GP', 1), ('40HQ', 1)]",exact
9508,CN2504295-S,20'GP+40'HQ,1.0,3,"20GP,40HQ","[('20GP', 1), ('40HQ', 0)]",equal
9510,CN2504297-S,20GP+40GP,2.0,3,"20GP,40GP","[('20GP', 1), ('40GP', 1)]",exact
9520,CN2504307-S,20GP/40'HQ,2.0,3,"20GP,40HQ","[('20GP', 1), ('40HQ', 1)]",exact
9529,CN2504316-S,20'GP/40'HQ,8.0,12,"20GP,40HQ","[('20GP', 4), ('40HQ', 4)]",exact
9601,CN2504388-S,20'GP/40'HQ,2.0,3,"20GP,40HQ","[('20GP', 1), ('40HQ', 1)]",exact
9666,CN2504450-S1,20'GP/40'HQ,,,"20GP,40HQ","[('20GP', 1), ('40HQ', 1)]",fallback
9667,CN2504450-S2,20'GP/40'HQ,,,"20GP,40HQ","[('20GP', 1), ('40HQ', 1)]",fallback
9670,CN2504453-S,20'GP/40'HQ,,,"20GP,40HQ","[('20GP', 1), ('40HQ', 1)]",fallback
9697,CN2504480-S,20'GP/40'HQ,2.0,3,"20GP,40HQ","[('20GP', 1), ('40HQ', 1)]",exact
9713,CN2504496-S,20'GP+40'HQ,1.0,3,"20GP,40HQ","[('20GP', 1), ('40HQ', 0)]",equal
9722,CN2504505-S,20'GP+40'HQ,2.0,3,"20GP,40HQ","[('20GP', 1), ('40HQ', 1)]",exact
9732,CN2504514-S,20'GP/40'HQ,2.0,3,"20GP,40HQ","[('20GP', 1), ('40HQ', 1)]",exact
9745,CN2504527-S,20'GP/40'HQ,2.0,3,"20GP,40HQ","[('20GP', 1), ('40HQ', 1)]",exact
9752,CN2504534-S,20'GP/40'HQ,2.0,3,"20GP,40HQ","[('20GP', 1), ('40HQ', 1)]",exact
9787,CN2504569-S,20'GP/40'HQ,2.0,3,"20GP,40HQ","[('20GP', 1), ('40HQ', 1)]",exact
9811,CN2504593-S,20'GP/40'HQ,2.0,3,"20GP,40HQ","[('20GP', 1), ('40HQ', 1)]",exact
9829,CN2504611-S,20'GP/40'HQ,,,"20GP,40HQ","[('20GP', 1), ('40HQ', 1)]",fallback
9830,CN2504612-S,20'GP/40'HQ,2.0,3,"20GP,40HQ","[('20GP', 1), ('40HQ', 1)]",exact
9867,CN2505010-S,20'GP/40'GP/40'HQ,3.0,5,"20GP,40GP,40HQ","[('20GP', 1), ('40GP', 0), ('40HQ', 2)]",exact
9869,CN2505012-S,20'GP/40'GP/40'HQ,3.0,5,"20GP,40GP,40HQ","[('20GP', 1), ('40GP', 0), ('40HQ', 2)]",exact
9880,CN2505023-S,20'GP/40'HQ,2.0,3,"20GP,40HQ","[('20GP', 1), ('40HQ', 1)]",exact
9883,CN2505026-S,20'GP/40'OT,4.0,7,"20GP,40OT","[('20GP', 1), ('40OT', 3)]",exact
9909,CN2505052-S,20'GP/40'HQ,2.0,3,"20GP,40HQ","[('20GP', 1), ('40HQ', 1)]",exact
9911,CN2505054-S,20'GP/40'HQ,5.0,9,"20GP,40HQ","[('20GP', 1), ('40HQ', 4)]",exact
9913,CN2505056-S,20'GP/40'HQ,3.0,5,"20GP,40HQ","[('20GP', 1), ('40HQ', 2)]",exact
9929,CN2505072-S,20'GP/40'HQ,3.0,5,"20GP,40HQ","[('20GP', 1), ('40HQ', 2)]",exact
9930,CN2505073-S,20'GP/40'HQ,2.0,3,"20GP,40HQ","[('20GP', 1), ('40HQ', 1)]",exact
9979,CN2505122-S,20'GP/40'HQ,2.0,3,"20GP,40HQ","[('20GP', 1), ('40HQ', 1)]",exact
9984,CN2505127-S,20'GP/40'HQ,2.0,3,"20GP,40HQ","[('20GP', 1), ('40HQ', 1)]",exact
9987,CN2505129-S,20'GP/40'HQ,2.0,3,"20GP,40HQ","[('20GP', 1), ('40HQ', 1)]",exact
9990,CN2505132-S,20'GP/40'HQ,,,"20GP,40HQ","[('20GP', 1), ('40HQ', 1)]",fallback
9997,CN2505139-S,20'GP/40'HQ/40'OT,3.0,5,"20GP,40HQ,40OT","[('20GP', 1), ('40HQ', 0), ('40OT', 2)]",exact
10006,CN2505148-S,20'GP/40'HQ,2.0,3,"20GP,40HQ","[('20GP', 1), ('40HQ', 1)]",exact
10043,CN2505185-S,20'GP/40'HQ,,,"20GP,40HQ","[('20GP', 1), ('40HQ', 1)]",fallback
10054,CN2505196-S,20'GP/40'GP/40'HQ,3.0,5,"20GP,40GP,40HQ","[('20GP', 1), ('40GP', 0), ('40HQ', 2)]",exact
10083,CN2505223-S,40'GP/40'HQ,2.0,4,"40GP,40HQ","[('40GP', 1), ('40HQ', 1)]",equal
10092,CN2505232-S,20'GP/40'HQ,,,"20GP,40HQ","[('20GP', 1), ('40HQ', 1)]",fallback
10136,CN2505273-S,20'GP/40'HQ,2.0,3,"20GP,40HQ","[('20GP', 1), ('40HQ', 1)]",exact
10140,CN2505277-S,20'GP/40'HQ,,,"20GP,40HQ","[('20GP', 1), ('40HQ', 1)]",fallback
10153,CN2505290-S,20'GP/40'HQ,,,"20GP,40HQ","[('20GP', 1), ('40HQ', 1)]",fallback
10189,CN2505326-S,20'GP/40'HQ,1.0,3,"20GP,40HQ","[('20GP', 1), ('40HQ', 0)]",equal
10191,CN2505328-S,20'GP/40'HQ,1.0,3,"20GP,40HQ","[('20GP', 1), ('40HQ', 0)]",equal
10230,CN2505366-S,20'GP/40'HQ,2.0,3,"20GP,40HQ","[('20GP', 1), ('40HQ', 1)]",exact
10245,CN2505380-S,40'HQ/40'OT,6.0,12,"40HQ,40OT","[('40HQ', 3), ('40OT', 3)]",equal
10275,CN2505410-S,20'GP/40'GP/40'HQ,3.0,5,"20GP,40GP,40HQ","[('20GP', 1), ('40GP', 0), ('40HQ', 2)]",exact
10305,CN2505437-S,20'GP/40'HQ,2.0,3,"20GP,40HQ","[('20GP', 1), ('40HQ', 1)]",exact
10366,CN2505498-S,20'GP/40'HQ,2.0,3,"20GP,40HQ","[('20GP', 1), ('40HQ', 1)]",exact
10369,CN2505501-S,20'GP/40'HQ,6.0,10,"20GP,40HQ","[('20GP', 2), ('40HQ', 4)]",exact
10377,CN2505508-S,20'GP/40'HQ,,,"20GP,40HQ","[('20GP', 1), ('40HQ', 1)]",fallback
10384,CN2505515-S,20'GP/40'HQ,1.0,3,"20GP,40HQ","[('20GP', 1), ('40HQ', 0)]",equal
10390,CN2505521-S,20'GP/40'HQ,,,"20GP,40HQ","[('20GP', 1), ('40HQ', 1)]",fallback
10392,CN2505523-S,20'GP/40'GP/40'HQ,,,"20GP,40GP,40HQ","[('20GP', 1), ('40GP', 1), ('40HQ', 1)]",fallback
10395,CN2505526-S,20'GP/40'HQ,1.0,,"20GP,40HQ","[('20GP', 1), ('40HQ', 1)]",fallback
10398,CN2505529-S,20'GP/40'GP/40'HQ,,,"20GP,40GP,40HQ","[('20GP', 1), ('40GP', 1), ('40HQ', 1)]",fallback
10403,CN2505534-S,20'GP/40'GP/40'HQ,,,"20GP,40GP,40HQ","[('20GP', 1), ('40GP', 1), ('40HQ', 1)]",fallback
10425,CN2505555-S,20'GP/40'HQ,2.0,3,"20GP,40HQ","[('20GP', 1), ('40HQ', 1)]",exact
10428,CN2505558-S,20'GP/40'HQ,2.0,3,"20GP,40HQ","[('20GP', 1), ('40HQ', 1)]",exact
10431,CN2505561-S,20'GP/40'HQ,2.0,3,"20GP,40HQ","[('20GP', 1), ('40HQ', 1)]",exact
10432,CN2505562-S,20'GP/40'HQ,2.0,3,"20GP,40HQ","[('20GP', 1), ('40HQ', 1)]",exact
10542,CN2506037-S,20'GP/40'HQ,2.0,3,"20GP,40HQ","[('20GP', 1), ('40HQ', 1)]",exact
10593,CN2506086-S,20'GP/40'HQ,,,"20GP,40HQ","[('20GP', 1), ('40HQ', 1)]",fallback
10594,CN2506087-S,40'HQ/40'OT,2.0,4,"40HQ,40OT","[('40HQ', 1), ('40OT', 1)]",equal
10744,CN2506230-S,20'GP/40'HQ,2.0,3,"20GP,40HQ","[('20GP', 1), ('40HQ', 1)]",exact
10747,CN2506233-S,20'GP/40'HQ,2.0,3,"20GP,40HQ","[('20GP', 1), ('40HQ', 1)]",exact
10748,CN2506234-S,20'GP/40'HQ,2.0,3,"20GP,40HQ","[('20GP', 1), ('40HQ', 1)]",exact
10816,CN2506302-S,20'GP/40'HQ,,,"20GP,40HQ","[('20GP', 1), ('40HQ', 1)]",fallback
10890,CN2506369-S,20'GP/40'HQ,2.0,3,"20GP,40HQ","[('20GP', 1), ('40HQ', 1)]",exact
10935,CN2506412-S,20'GP/40'HQ,2.0,3,"20GP,40HQ","[('20GP', 1), ('40HQ', 1)]",exact
10964,CN2506439-S,20'GP/40'HQ,,,"20GP,40HQ","[('20GP', 1), ('40HQ', 1)]",fallback
11061,CN2506534-S,20'GP/40'HQ,,,"20GP,40HQ","[('20GP', 1), ('40HQ', 1)]",fallback
11065,CN2506538-S,20'GP/40'HQ,,,"20GP,40HQ","[('20GP', 1), ('40HQ', 1)]",fallback
11077,CN2506550-S,20'GP/40'HQ,5.0,8,"20GP,40HQ","[('20GP', 2), ('40HQ', 3)]",exact
11085,CN2506557-S,20'GP/40'HQ,2.0,3,"20GP,40HQ","[('20GP', 1), ('40HQ', 1)]",exact
11102,CN2506573-S,20'GP/40'HQ,,,"20GP,40HQ","[('20GP', 1), ('40HQ', 1)]",fallback
11116,CN2506586-S,20'GP/40'HQ,2.0,3,"20GP,40HQ","[('20GP', 1), ('40HQ', 1)]",exact
11127,CN2506597-S,20'GP/40'HQ,,,"20GP,40HQ","[('20GP', 1), ('40HQ', 1)]",fallback
11202,CN2507012-S,20'GP/40'HQ,2.0,3,"20GP,40HQ","[('20GP', 1), ('40HQ', 1)]",exact
11213,CN2507022-S,20'GP/40'HQ,3.0,5,"20GP,40HQ","[('20GP', 1), ('40HQ', 2)]",exact
11214,CN2507023-S,20'GP/40'HQ,2.0,3,"20GP,40HQ","[('20GP', 1), ('40HQ', 1)]",exact
11233,CN2507042-S,20'GP/40'HQ,2.0,3,"20GP,40HQ","[('20GP', 1), ('40HQ', 1)]",exact
11241,CN2507050-S,20'GP/40'HQ,2.0,3,"20GP,40HQ","[('20GP', 1), ('40HQ', 1)]",exact
11256,CN2507064-S,20'GP/40'HQ,,,"20GP,40HQ","[('20GP', 1), ('40HQ', 1)]",fallback
11267,CN2507075-S,20'GP/40'HQ,2.0,3,"20GP,40HQ","[('20GP', 1), ('40HQ', 1)]",exact
11292,CN2507100-S,20'GP/40'HQ,2.0,3,"20GP,40HQ","[('20GP', 1), ('40HQ', 1)]",exact
11310,CN2507117-S,20'GP/40'HQ,2.0,3,"20GP,40HQ","[('20GP', 1), ('40HQ', 1)]",exact
11342,CN2507148-S,20'GP/40'HQ,,,"20GP,40HQ","[('20GP', 1), ('40HQ', 1)]",fallback
11355,CN2507161-S,20'GP/40'HQ,2.0,3,"20GP,40HQ","[('20GP', 1), ('40HQ', 1)]",exact
11418,CN2507222-S,20'GP/40'HQ,2.0,3,"20GP,40HQ","[('20GP', 1), ('40HQ', 1)]",exact
11422,CN2507226-S,40'HQ/40'OT,5.0,10,"40HQ,40OT","[('40HQ', 3), ('40OT', 2)]",equal
11525,CN2507326-S,40'HQ/40'OT,2.0,4,"40HQ,40OT","[('40HQ', 1), ('40OT', 1)]",equal
11539,CN2507340-S,20'GP/40'HQ,2.0,3,"20GP,40HQ","[('20GP', 1), ('40HQ', 1)]",exact
11554,CN2507355-S,20'GP/40'HQ,1.0,3,"20GP,40HQ","[('20GP', 1), ('40HQ', 0)]",equal
11563,CN2507363-S,20'GP/40'HQ,2.0,3,"20GP,40HQ","[('20GP', 1), ('40HQ', 1)]",exact
11592,CN2507389-S,20'GP/40'GP/40'HQ,,,"20GP,40GP,40HQ","[('20GP', 1), ('40GP', 1), ('40HQ', 1)]",fallback
11745,CN2507532-S,20'GP/40'HQ,2.0,3,"20GP,40HQ","[('20GP', 1), ('40HQ', 1)]",exact
11862,CN2507646-S,20'GP/40'HQ,2.0,3,"20GP,40HQ","[('20GP', 1), ('40HQ', 1)]",exact
11864,CN2507648-S,20'GP/40'HQ,,3,"20GP,40HQ","[('20GP', 1), ('40HQ', 1)]",fallback
11867,CN2507651-S,20'GP/40'HQ,2.0,3,"20GP,40HQ","[('20GP', 1), ('40HQ', 1)]",exact
11882,CN2507666-S,20'GP/40'HQ,2.0,3,"20GP,40HQ","[('20GP', 1), ('40HQ', 1)]",exact
11945,CN2508026-S,20'GP/40'HQ,,,"20GP,40HQ","[('20GP', 1), ('40HQ', 1)]",fallback
11967,CN2508048-S,20'GP/40'HQ,1.0,3,"20GP,40HQ","[('20GP', 1), ('40HQ', 0)]",equal
11972,CN2508053-S,20'GP/40'HQ,,,"20GP,40HQ","[('20GP', 1), ('40HQ', 1)]",fallback
12142,CN2508218-S,20'GP/40'HQ,,3,"20GP,40HQ","[('20GP', 1), ('40HQ', 1)]",fallback
12163,CN2508239-S,20'GP/40'HQ,,,"20GP,40HQ","[('20GP', 1), ('40HQ', 1)]",fallback
12164,CN2508239-S1,20'GP/40'HQ,,,"20GP,40HQ","[('20GP', 1), ('40HQ', 1)]",fallback
12205,CN2508275-S,20'GP/40'HQ,,,"20GP,40HQ","[('20GP', 1), ('40HQ', 1)]",fallback
12262,CN2508329-S,20'GP/40'HQ,2.0,3,"20GP,40HQ","[('20GP', 1), ('40HQ', 1)]",exact
12285,CN2508352-S,20'GP/40'HQ,,,"20GP,40HQ","[('20GP', 1), ('40HQ', 1)]",fallback
12300,CN2508365-S,20'GP/40'HQ,2.0,3,"20GP,40HQ","[('20GP', 1), ('40HQ', 1)]",exact
12319,CN2508384-S,20'GP/40'HQ,2.0,3,"20GP,40HQ","[('20GP', 1), ('40HQ', 1)]",exact
12335,CN2508400-S,20'GP/40'HQ/40'OT,3.0,5,"20GP,40HQ,40OT","[('20GP', 1), ('40HQ', 0), ('40OT', 2)]",exact
12411,CN2508473-S,20'GP/40'HQ,,,"20GP,40HQ","[('20GP', 1), ('40HQ', 1)]",fallback
12489,CN2508547-S,20'GP/40'GP,1.0,2,"20GP,40GP","[('20GP', 0), ('40GP', 1)]",exact
12490,CN2508548-S,20'GP/40'GP/40'HQ,1.0,,"20GP,40GP,40HQ","[('20GP', 1), ('40GP', 1), ('40HQ', 1)]",fallback
12514,CN2508571-S,20'GP/40'HQ,1.0,2,"20GP,40HQ","[('20GP', 0), ('40HQ', 1)]",exact
12528,CN2508585-S,20'GP/40'GP,1.0,2,"20GP,40GP","[('20GP', 0), ('40GP', 1)]",exact
12549,CN2509019-S,40'HQ/40'OT,,,"40HQ,40OT","[('40HQ', 1), ('40OT', 1)]",fallback
12589,CN2509059-S,40GP + 20GP,2.0,3,"40GP,20GP","[('40GP', 1), ('20GP', 1)]",exact
12668,CN2509136-S,20'GP/40'HQ,2.0,3,"20GP,40HQ","[('20GP', 1), ('40HQ', 1)]",exact
12697,CN2509165-S,20'GP/40'HQ,,,"20GP,40HQ","[('20GP', 1), ('40HQ', 1)]",fallback
12737,CN2509204-S,20'GP/40'HQ,8.0,11,"20GP,40HQ","[('20GP', 5), ('40HQ', 3)]",exact
12786,CN2509253-S,20'OT/40'OT,2.0,3,"20OT,40OT","[('20OT', 1), ('40OT', 1)]",exact
12840,CN2509307-S,20'GP/40'HQ,2.0,3,"20GP,40HQ","[('20GP', 1), ('40HQ', 1)]",exact
12918,CN2509381-S,20'GP/40'HQ,,,"20GP,40HQ","[('20GP', 1), ('40HQ', 1)]",fallback
12937,CN2509400-S,20'GP/40'HQ,1.0,,"20GP,40HQ","[('20GP', 1), ('40HQ', 1)]",fallback
12966,CN2509428-S,20'GP/40'HQ,2.0,3,"20GP,40HQ","[('20GP', 1), ('40HQ', 1)]",exact
12984,CN2509446-S,20'GP/40'HQ,2.0,3,"20GP,40HQ","[('20GP', 1), ('40HQ', 1)]",exact
13055,CN2509517-S,20GP/40'GP/40''HQ,,,"40GP,40HQ","[('40GP', 1), ('40HQ', 1)]",fallback
13181,CN2509642-S,20'GP/40'HQ,2.0,3,"20GP,40HQ","[('20GP', 1), ('40HQ', 1)]",exact
13259,CN2509720-S,20'GP/40'HQ,2.0,3,"20GP,40HQ","[('20GP', 1), ('40HQ', 1)]",exact
13266,CN2510004-S,20'GP/40'HQ,7.0,8,"20GP,40HQ","[('20GP', 6), ('40HQ', 1)]",exact
13272,CN2510010-S1,20'GP/40'GP,5.0,6,"20GP,40GP","[('20GP', 4), ('40GP', 1)]",exact
13273,CN2510010-S2,20'GP/40'GP,3.0,4,"20GP,40GP","[('20GP', 2), ('40GP', 1)]",exact
13281,CN2510018-S,40'FR/40'HQ,3.0,4,"40FR,40HQ","[('40FR', 2), ('40HQ', 1)]",equal
13414,CN2510148-S,20'GP/20'OT/40'OT,,,"20GP,20OT,40OT","[('20GP', 1), ('20OT', 1), ('40OT', 1)]",fallback
13416,CN2510150-S,20'GP/40'GP/40'HQ,,,"20GP,40GP,40HQ","[('20GP', 1), ('40GP', 1), ('40HQ', 1)]",fallback
13432,CN2510166-S,20'GP/40'HQ,2.0,3,"20GP,40HQ","[('20GP', 1), ('40HQ', 1)]",exact
13460,CN2510191-S,20'GP/40'GP/40'HQ,,,"20GP,40GP,40HQ","[('20GP', 1), ('40GP', 1), ('40HQ', 1)]",fallback
13469,CN2510200-S,20'GP/40'GP,2.0,3,"20GP,40GP","[('20GP', 1), ('40GP', 1)]",exact
13496,CN2510227-S,20'GP/40'HQ,2.0,3,"20GP,40HQ","[('20GP', 1), ('40HQ', 1)]",exact
13497,CN2510228-S,20'GP/40'HQ,2.0,3,"20GP,40HQ","[('20GP', 1), ('40HQ', 1)]",exact
13498,CN2510229-S,20'GP/40'HQ,2.0,3,"20GP,40HQ","[('20GP', 1), ('40HQ', 1)]",exact
13499,CN2510230-S,20'GP/40'HQ,2.0,3,"20GP,40HQ","[('20GP', 1), ('40HQ', 1)]",exact
13500,CN2510231-S,20'GP/40'HQ,2.0,3,"20GP,40HQ","[('20GP', 1), ('40HQ', 1)]",exact
13549,CN2510274-S,20'GP+40'GP,2.0,3,"20GP,40GP","[('20GP', 1), ('40GP', 1)]",exact
13636,CN2510354-S,20'GP+40'GP+40'HQ,3.000,5,"20GP,40GP,40HQ","[('20GP', 1), ('40GP', 0), ('40HQ', 2)]",exact
13666,CN2510383-S,20'GP + 40'GP,2.000,3,"20GP,40GP","[('20GP', 1), ('40GP', 1)]",exact
13747,CN2510460-S,20'GP/40'HQ,,3,"20GP,40HQ","[('20GP', 1), ('40HQ', 1)]",fallback
13807,CN2510519-S,20'GP/40'HQ,2.000,3,"20GP,40HQ","[('20GP', 1), ('40HQ', 1)]",exact
13899,CN2510609-S,20'GP/40'HQ,,3,"20GP,40HQ","[('20GP', 1), ('40HQ', 1)]",fallback
13916,CN2510626-S,40'HQ/40'NOR,2.000,4,"40HQ,40GP","[('40HQ', 1), ('40GP', 1)]",equal
13950,CN2510658-S,20'GP/40'HQ,2.000,3,"20GP,40HQ","[('20GP', 1), ('40HQ', 1)]",exact
13979,CN2510685-S,20'GP+40'HQ,6.000,7,"20GP,40HQ","[('20GP', 5), ('40HQ', 1)]",exact
13996,CN2511002-S,20GP/40'GP/40'HQ,3.000,5,"40GP,40HQ","[('40GP', 2), ('40HQ', 1)]",equal
14009,CN2511015-S,20'GP/40'HQ,2.000,3,"20GP,40HQ","[('20GP', 1), ('40HQ', 1)]",exact
